"","act","scene","speaker","n"
"1","[Tekst]","Scene 1","Andreas",15
"2","[Tekst]","Scene 1","Henrik",54
"3","[Tekst]","Scene 1","Leander",6
"4","[Tekst]","Scene 1","Leonora",2
"5","[Tekst]","Scene 1","Oldfux",19
"6","[Tekst]","Scene 1","Pernille",39
"7","[Tekst]","Scene 1","Sganarel",3
"8","[Tekst]","Scene 1","Terentia",15
"9","[Tekst]","Scene 1",NA,6
"10","[Tekst]","Scene 10","1. kvinde",6
"11","[Tekst]","Scene 10","2. kvinde",6
"12","[Tekst]","Scene 10","Arv",7
"13","[Tekst]","Scene 10","Gert",16
"14","[Tekst]","Scene 10","Henrik",8
"15","[Tekst]","Scene 10","Jeronimus",7
"16","[Tekst]","Scene 10","Laurentia",1
"17","[Tekst]","Scene 10","Leonora",16
"18","[Tekst]","Scene 10","Magdelone",1
"19","[Tekst]","Scene 10","Oldfux",5
"20","[Tekst]","Scene 10","Pernille",9
"21","[Tekst]","Scene 10","Polidor",7
"22","[Tekst]","Scene 10","Soldaten",6
"23","[Tekst]","Scene 10","Terentia",11
"24","[Tekst]","Scene 10",NA,9
"25","[Tekst]","Scene 11","",2
"26","[Tekst]","Scene 11","Gunild",4
"27","[Tekst]","Scene 11","Henrik",4
"28","[Tekst]","Scene 11","Jeronimus",7
"29","[Tekst]","Scene 11","Kirsten",11
"30","[Tekst]","Scene 11","Leander",9
"31","[Tekst]","Scene 11","Leonora",7
"32","[Tekst]","Scene 11","Magdelone",4
"33","[Tekst]","Scene 11","Oldfux",9
"34","[Tekst]","Scene 11","Pernille",6
"35","[Tekst]","Scene 11","Polidor",4
"36","[Tekst]","Scene 11","Sganarel",5
"37","[Tekst]","Scene 11","Terentia",8
"38","[Tekst]","Scene 11",NA,12
"39","[Tekst]","Scene 12","",1
"40","[Tekst]","Scene 12","3. kvinde",10
"41","[Tekst]","Scene 12","Anne",1
"42","[Tekst]","Scene 12","Arv",8
"43","[Tekst]","Scene 12","Børnene",2
"44","[Tekst]","Scene 12","Christopher",1
"45","[Tekst]","Scene 12","Else",1
"46","[Tekst]","Scene 12","Elsebet",4
"47","[Tekst]","Scene 12","Gilbert",6
"48","[Tekst]","Scene 12","Gunild",6
"49","[Tekst]","Scene 12","Henning",1
"50","[Tekst]","Scene 12","Henrik",27
"51","[Tekst]","Scene 12","Jøden",24
"52","[Tekst]","Scene 12","Jeronimus",22
"53","[Tekst]","Scene 12","Kirsten",2
"54","[Tekst]","Scene 12","Leander",11
"55","[Tekst]","Scene 12","Leonora",4
"56","[Tekst]","Scene 12","Marie",1
"57","[Tekst]","Scene 12","Per",1
"58","[Tekst]","Scene 12","Pernille",8
"59","[Tekst]","Scene 12","Polidor",8
"60","[Tekst]","Scene 12","Sganarel",11
"61","[Tekst]","Scene 12","Skolemester",1
"62","[Tekst]","Scene 12","Skolemesteren",21
"63","[Tekst]","Scene 12","Terentia",1
"64","[Tekst]","Scene 12","Tutti",4
"65","[Tekst]","Scene 12",NA,22
"66","[Tekst]","Scene 13","",5
"67","[Tekst]","Scene 13","En af de fremmede",1
"68","[Tekst]","Scene 13","Fruen",2
"69","[Tekst]","Scene 13","Gert",3
"70","[Tekst]","Scene 13","Gunild",8
"71","[Tekst]","Scene 13","Henrik",46
"72","[Tekst]","Scene 13","Jøden",15
"73","[Tekst]","Scene 13","Jeronimus",23
"74","[Tekst]","Scene 13","Kokken",5
"75","[Tekst]","Scene 13","Leander",17
"76","[Tekst]","Scene 13","Leanders vært",1
"77","[Tekst]","Scene 13","Leonora",15
"78","[Tekst]","Scene 13","Pernille",8
"79","[Tekst]","Scene 13","Poeterne",11
"80","[Tekst]","Scene 13","Polidor",17
"81","[Tekst]","Scene 13","Sganarel",7
"82","[Tekst]","Scene 13","Vægterne",1
"83","[Tekst]","Scene 13","Værten",2
"84","[Tekst]","Scene 13",NA,27
"85","[Tekst]","Scene 14","3. kvinde",5
"86","[Tekst]","Scene 14","Gert",8
"87","[Tekst]","Scene 14","Jøden",4
"88","[Tekst]","Scene 14","Jeronimus",5
"89","[Tekst]","Scene 14","Leander",4
"90","[Tekst]","Scene 14","Leonora",8
"91","[Tekst]","Scene 14","Polyphemus",2
"92","[Tekst]","Scene 14","Sganarel",2
"93","[Tekst]","Scene 14",NA,5
"94","[Tekst]","Scene 15","1. filosof",2
"95","[Tekst]","Scene 15","2. filosof",2
"96","[Tekst]","Scene 15","3. filosof",5
"97","[Tekst]","Scene 15","Doktoren",4
"98","[Tekst]","Scene 15","Elvire",7
"99","[Tekst]","Scene 15","Jøden",1
"100","[Tekst]","Scene 15","Jeronimus",6
"101","[Tekst]","Scene 15","Mester Gert",6
"102","[Tekst]","Scene 15",NA,4
"103","[Tekst]","Scene 16","",2
"104","[Tekst]","Scene 16","1. filosof",1
"105","[Tekst]","Scene 16","2. filosof",1
"106","[Tekst]","Scene 16","3. filosof",1
"107","[Tekst]","Scene 16","Christoffer",3
"108","[Tekst]","Scene 16","Doktoren",3
"109","[Tekst]","Scene 16","En filosof",3
"110","[Tekst]","Scene 16","Gilbert",9
"111","[Tekst]","Scene 16","Gunild",10
"112","[Tekst]","Scene 16","Henrik",6
"113","[Tekst]","Scene 16","Officer",8
"114","[Tekst]","Scene 16","Polyphemus",4
"115","[Tekst]","Scene 16","Tutti",4
"116","[Tekst]","Scene 16",NA,4
"117","[Tekst]","Scene 17","1. kvinde",1
"118","[Tekst]","Scene 17","2. kvinde",1
"119","[Tekst]","Scene 17","3. kvinde",2
"120","[Tekst]","Scene 17","Christoffer",5
"121","[Tekst]","Scene 17","Gilbert",5
"122","[Tekst]","Scene 17","Henrik",16
"123","[Tekst]","Scene 17","Jøden",11
"124","[Tekst]","Scene 17","Korporal",2
"125","[Tekst]","Scene 17","Leander",2
"126","[Tekst]","Scene 17","Officer",14
"127","[Tekst]","Scene 17","Pernille",3
"128","[Tekst]","Scene 17","Polyphemus",2
"129","[Tekst]","Scene 17","Sganarel",1
"130","[Tekst]","Scene 17",NA,7
"131","[Tekst]","Scene 18","",2
"132","[Tekst]","Scene 18","Christoffer",2
"133","[Tekst]","Scene 18","Elvire",14
"134","[Tekst]","Scene 18","Gert",11
"135","[Tekst]","Scene 18","Jeronimus",6
"136","[Tekst]","Scene 18","Mester Gert",2
"137","[Tekst]","Scene 18","Officer",24
"138","[Tekst]","Scene 18","Tobias",12
"139","[Tekst]","Scene 18",NA,4
"140","[Tekst]","Scene 19","Gert",9
"141","[Tekst]","Scene 19","Gunild",10
"142","[Tekst]","Scene 19","Jeronimus",2
"143","[Tekst]","Scene 19","Officer",2
"144","[Tekst]","Scene 19",NA,3
"145","[Tekst]","Scene 2","Filosoffen",2
"146","[Tekst]","Scene 2","Henrik",17
"147","[Tekst]","Scene 2","Hyacinthe",10
"148","[Tekst]","Scene 2","Jøden",9
"149","[Tekst]","Scene 2","Leander",19
"150","[Tekst]","Scene 2","Leonard",4
"151","[Tekst]","Scene 2","Leonora",2
"152","[Tekst]","Scene 2","Oldfux",8
"153","[Tekst]","Scene 2","Pernille",8
"154","[Tekst]","Scene 2","Schumacher",5
"155","[Tekst]","Scene 2","Sganarel",10
"156","[Tekst]","Scene 2",NA,7
"157","[Tekst]","Scene 20","Christoffer",2
"158","[Tekst]","Scene 20","Elvire",8
"159","[Tekst]","Scene 20","Fruen",1
"160","[Tekst]","Scene 20","Henrik",1
"161","[Tekst]","Scene 20","Jeronimus",9
"162","[Tekst]","Scene 20","Leonard",3
"163","[Tekst]","Scene 20","Officer",10
"164","[Tekst]","Scene 20",NA,7
"165","[Tekst]","Scene 21","Elvire",5
"166","[Tekst]","Scene 21","Fruen",4
"167","[Tekst]","Scene 21","Henrik",8
"168","[Tekst]","Scene 21","Hyacinthe",1
"169","[Tekst]","Scene 21","Jøden",7
"170","[Tekst]","Scene 21","Jeronimus",4
"171","[Tekst]","Scene 21","Leander",3
"172","[Tekst]","Scene 21","Leonard",3
"173","[Tekst]","Scene 21","Officer",2
"174","[Tekst]","Scene 21","Pernille",3
"175","[Tekst]","Scene 21",NA,5
"176","[Tekst]","Scene 22","Gottard",1
"177","[Tekst]","Scene 22","Leonard",2
"178","[Tekst]","Scene 22","Leonora",2
"179","[Tekst]","Scene 22",NA,1
"180","[Tekst]","Scene 23","Mester Gert",3
"181","[Tekst]","Scene 24","Gert",13
"182","[Tekst]","Scene 24","Notarius",12
"183","[Tekst]","Scene 24",NA,3
"184","[Tekst]","Scene 25","Gert",22
"185","[Tekst]","Scene 25","Gilbert",4
"186","[Tekst]","Scene 25","Gottard",10
"187","[Tekst]","Scene 25","Leonora",7
"188","[Tekst]","Scene 25","Mester Gert",5
"189","[Tekst]","Scene 25","Pernille",7
"190","[Tekst]","Scene 25",NA,2
"191","[Tekst]","Scene 3","Filosoffen",4
"192","[Tekst]","Scene 3","Henrik",19
"193","[Tekst]","Scene 3","Jøden",12
"194","[Tekst]","Scene 3","Laurentia",4
"195","[Tekst]","Scene 3","Leander",6
"196","[Tekst]","Scene 3","Leonard",4
"197","[Tekst]","Scene 3","Leonora",28
"198","[Tekst]","Scene 3","Mademoiselle Hiort",5
"199","[Tekst]","Scene 3","Pernille",19
"200","[Tekst]","Scene 3","Polidor",4
"201","[Tekst]","Scene 3","Schumacher",8
"202","[Tekst]","Scene 3","Sganarel",11
"203","[Tekst]","Scene 3",NA,7
"204","[Tekst]","Scene 4","Filosoffen",11
"205","[Tekst]","Scene 4","Hammer",8
"206","[Tekst]","Scene 4","Henrik",13
"207","[Tekst]","Scene 4","Jøden",10
"208","[Tekst]","Scene 4","Jeronimus",6
"209","[Tekst]","Scene 4","Leonora",14
"210","[Tekst]","Scene 4","Mademoiselle Hiort",5
"211","[Tekst]","Scene 4","Pernille",12
"212","[Tekst]","Scene 4","Polidor",7
"213","[Tekst]","Scene 4","Schumacher",2
"214","[Tekst]","Scene 4","Sganarel",14
"215","[Tekst]","Scene 4","Sganarelsagte)",2
"216","[Tekst]","Scene 4","Terentia",4
"217","[Tekst]","Scene 4",NA,9
"218","[Tekst]","Scene 5","",1
"219","[Tekst]","Scene 5","Filosoffen",7
"220","[Tekst]","Scene 5","Gunild",1
"221","[Tekst]","Scene 5","Henrik",9
"222","[Tekst]","Scene 5","Jeronimus",25
"223","[Tekst]","Scene 5","Kirsten",20
"224","[Tekst]","Scene 5","Leander",4
"225","[Tekst]","Scene 5","Leonora",16
"226","[Tekst]","Scene 5","Pernille",9
"227","[Tekst]","Scene 5","Pernille.",1
"228","[Tekst]","Scene 5","Polidor",13
"229","[Tekst]","Scene 5","Sganarel",7
"230","[Tekst]","Scene 5","Terentia",16
"231","[Tekst]","Scene 5",NA,15
"232","[Tekst]","Scene 6","Astrologus",8
"233","[Tekst]","Scene 6","Gilbert",7
"234","[Tekst]","Scene 6","Gunild",4
"235","[Tekst]","Scene 6","Henrik",7
"236","[Tekst]","Scene 6","Jøden",1
"237","[Tekst]","Scene 6","Laurentia",2
"238","[Tekst]","Scene 6","Leander",2
"239","[Tekst]","Scene 6","Leonora",8
"240","[Tekst]","Scene 6","Oldfux",18
"241","[Tekst]","Scene 6","Pernille",7
"242","[Tekst]","Scene 6","Polidor",18
"243","[Tekst]","Scene 6","Sganarel",5
"244","[Tekst]","Scene 6",NA,5
"245","[Tekst]","Scene 7","Elsebet",3
"246","[Tekst]","Scene 7","Filosoffen",15
"247","[Tekst]","Scene 7","Fruen",14
"248","[Tekst]","Scene 7","Gert",2
"249","[Tekst]","Scene 7","Gunild",2
"250","[Tekst]","Scene 7","Henrik",25
"251","[Tekst]","Scene 7","Jeronimus",12
"252","[Tekst]","Scene 7","Kirsten",3
"253","[Tekst]","Scene 7","Leonora",2
"254","[Tekst]","Scene 7","Magdelone",11
"255","[Tekst]","Scene 7","Pernille",11
"256","[Tekst]","Scene 7","Sganarel",14
"257","[Tekst]","Scene 7",NA,7
"258","[Tekst]","Scene 8","Elsebet",9
"259","[Tekst]","Scene 8","Elvire",11
"260","[Tekst]","Scene 8","Gert",18
"261","[Tekst]","Scene 8","Henrik",3
"262","[Tekst]","Scene 8","Jeronimus",15
"263","[Tekst]","Scene 8","Kirsten",21
"264","[Tekst]","Scene 8","Leander",28
"265","[Tekst]","Scene 8","Magdelone",10
"266","[Tekst]","Scene 8","Oldfux",15
"267","[Tekst]","Scene 8","Pernille",8
"268","[Tekst]","Scene 8","Polidor",9
"269","[Tekst]","Scene 8","Sganarel",15
"270","[Tekst]","Scene 8","Svenden",8
"271","[Tekst]","Scene 8","Terentia",18
"272","[Tekst]","Scene 8",NA,13
"273","[Tekst]","Scene 9","1. kvinde",9
"274","[Tekst]","Scene 9","2. kvinde",9
"275","[Tekst]","Scene 9","3. kvinde",12
"276","[Tekst]","Scene 9","Arv",6
"277","[Tekst]","Scene 9","Gert",3
"278","[Tekst]","Scene 9","Henrik",13
"279","[Tekst]","Scene 9","Jesper",2
"280","[Tekst]","Scene 9","Kirsten",3
"281","[Tekst]","Scene 9","Leander",6
"282","[Tekst]","Scene 9","Magdelone",2
"283","[Tekst]","Scene 9","Oldfux",2
"284","[Tekst]","Scene 9","Pernille",6
"285","[Tekst]","Scene 9","Sganarel",4
"286","[Tekst]","Scene 9","Soldaten",11
"287","[Tekst]","Scene 9","Terentia",1
"288","[Tekst]","Scene 9",NA,9
"289","Anden akt","Scene 1","",13
"290","Anden akt","Scene 1","Aesculapius",14
"291","Anden akt","Scene 1","Ammen",3
"292","Anden akt","Scene 1","Anne",4
"293","Anden akt","Scene 1","Antonius",7
"294","Anden akt","Scene 1","Artabanus.",3
"295","Anden akt","Scene 1","Artaxerxes",1
"296","Anden akt","Scene 1","Artaxerxes.",4
"297","Anden akt","Scene 1","Arv",3
"298","Anden akt","Scene 1","Barselskvinden",7
"299","Anden akt","Scene 1","Chilian",4
"300","Anden akt","Scene 1","Christoffer",1
"301","Anden akt","Scene 1","Corfitz",9
"302","Anden akt","Scene 1","Den usynlige",14
"303","Anden akt","Scene 1","Don Ranudo",12
"304","Anden akt","Scene 1","Donna Olympia",6
"305","Anden akt","Scene 1","Dorothea",2
"306","Anden akt","Scene 1","Drengen",1
"307","Anden akt","Scene 1","Elsebet",6
"308","Anden akt","Scene 1","En anden dreng",2
"309","Anden akt","Scene 1","En mand",2
"310","Anden akt","Scene 1","En pige",2
"311","Anden akt","Scene 1","Eraste",9
"312","Anden akt","Scene 1","Frantz",1
"313","Anden akt","Scene 1","Frantz Knivsmed",1
"314","Anden akt","Scene 1","Frantz Parykmager",2
"315","Anden akt","Scene 1","Gert Buntmager",3
"316","Anden akt","Scene 1","Gunild",1
"317","Anden akt","Scene 1","Harlekin",15
"318","Anden akt","Scene 1","Henrik",66
"319","Anden akt","Scene 1","Herman",6
"320","Anden akt","Scene 1","Indenfor",7
"321","Anden akt","Scene 1","Jeppe",9
"322","Anden akt","Scene 1","Jeronimus",17
"323","Anden akt","Scene 1","Jesper",9
"324","Anden akt","Scene 1","Jesper.",1
"325","Anden akt","Scene 1","Lakajerne",1
"326","Anden akt","Scene 1","Leander",25
"327","Anden akt","Scene 1","Leerbeutel",7
"328","Anden akt","Scene 1","Leonora",16
"329","Anden akt","Scene 1","Leonore",18
"330","Anden akt","Scene 1","Manden",3
"331","Anden akt","Scene 1","Marthe",1
"332","Anden akt","Scene 1","Montanus",5
"333","Anden akt","Scene 1","Ovidius",1
"334","Anden akt","Scene 1","Pedro",11
"335","Anden akt","Scene 1","Peer",4
"336","Anden akt","Scene 1","Pernille",39
"337","Anden akt","Scene 1","Plutus",12
"338","Anden akt","Scene 1","Richart Børstenbinder",2
"339","Anden akt","Scene 1","Roland",2
"340","Anden akt","Scene 1","Sivert",2
"341","Anden akt","Scene 1","Sivert Posekigger",3
"342","Anden akt","Scene 1","Sparenborg",13
"343","Anden akt","Scene 1","Studenstrup",35
"344","Anden akt","Scene 1","Tutti",1
"345","Anden akt","Scene 1","Tyboe",10
"346","Anden akt","Scene 1","Værten",10
"347","Anden akt","Scene 1","Vielgeschrey",22
"348","Anden akt","Scene 1",NA,47
"349","Anden akt","Scene 10","",3
"350","Anden akt","Scene 10","Artabanus.",2
"351","Anden akt","Scene 10","Barselskvinden",7
"352","Anden akt","Scene 10","Barselsqvinde",1
"353","Anden akt","Scene 10","Henrik",4
"354","Anden akt","Scene 10","Lucretia",12
"355","Anden akt","Scene 10","Mandane.",2
"356","Anden akt","Scene 10","Oldfux",21
"357","Anden akt","Scene 10","Pernille",15
"358","Anden akt","Scene 10","Stine",9
"359","Anden akt","Scene 10","Vielgeschrey",20
"360","Anden akt","Scene 10",NA,6
"361","Anden akt","Scene 11","Abelone",7
"362","Anden akt","Scene 11","Artaxerxes.",2
"363","Anden akt","Scene 11","Barselskvinden",2
"364","Anden akt","Scene 11","Christine",6
"365","Anden akt","Scene 11","Corfitz",2
"366","Anden akt","Scene 11","Cristine",1
"367","Anden akt","Scene 11","Henrik",4
"368","Anden akt","Scene 11","Lakajen",2
"369","Anden akt","Scene 11","Lucretia",14
"370","Anden akt","Scene 11","Pernille",12
"371","Anden akt","Scene 11","Semira.",3
"372","Anden akt","Scene 11",NA,9
"373","Anden akt","Scene 12","Artabanus.",2
"374","Anden akt","Scene 12","Artaxerxes.",4
"375","Anden akt","Scene 12","Barselskvinden",12
"376","Anden akt","Scene 12","Erastealene)",3
"377","Anden akt","Scene 12","Geske",17
"378","Anden akt","Scene 12",NA,3
"379","Anden akt","Scene 13","Artabanus",2
"380","Anden akt","Scene 13","Christopher",12
"381","Anden akt","Scene 13","Ellen",1
"382","Anden akt","Scene 13","Eraste",13
"383","Anden akt","Scene 13","Karen",3
"384","Anden akt","Scene 13",NA,2
"385","Anden akt","Scene 14","Apicius",15
"386","Anden akt","Scene 14","Barselskonen",2
"387","Anden akt","Scene 14","Barselskvinden",1
"388","Anden akt","Scene 14","Christopher",16
"389","Anden akt","Scene 14","Corfitz",4
"390","Anden akt","Scene 14",NA,3
"391","Anden akt","Scene 15","Christopher",7
"392","Anden akt","Scene 15","Eraste",8
"393","Anden akt","Scene 15",NA,1
"394","Anden akt","Scene 16","2. musikant",1
"395","Anden akt","Scene 16","Lucretia",6
"396","Anden akt","Scene 16","Musikant",12
"397","Anden akt","Scene 16","Petronius",18
"398","Anden akt","Scene 16",NA,5
"399","Anden akt","Scene 2","",13
"400","Anden akt","Scene 2","1. dame",15
"401","Anden akt","Scene 2","1. madame",1
"402","Anden akt","Scene 2","1. vært",5
"403","Anden akt","Scene 2","2. dame",10
"404","Anden akt","Scene 2","2. madame",1
"405","Anden akt","Scene 2","2. vært",5
"406","Anden akt","Scene 2","Anføreren",19
"407","Anden akt","Scene 2","Apicius",3
"408","Anden akt","Scene 2","Arbaces",2
"409","Anden akt","Scene 2","Arbaces.",10
"410","Anden akt","Scene 2","Artabanus.",16
"411","Anden akt","Scene 2","Arv",5
"412","Anden akt","Scene 2","Barselskvinden",12
"413","Anden akt","Scene 2","Chilian",25
"414","Anden akt","Scene 2","Davus",3
"415","Anden akt","Scene 2","Don Ranudo",7
"416","Anden akt","Scene 2","Donna Olympia",3
"417","Anden akt","Scene 2","En anden vært",2
"418","Anden akt","Scene 2","Erik",2
"419","Anden akt","Scene 2","Espen",8
"420","Anden akt","Scene 2","Gert",1
"421","Anden akt","Scene 2","Gert Bundtmager",1
"422","Anden akt","Scene 2","Gert Buntmager",1
"423","Anden akt","Scene 2","Geske",6
"424","Anden akt","Scene 2","Gilbert",6
"425","Anden akt","Scene 2","Gottfried",38
"426","Anden akt","Scene 2","Gunild",4
"427","Anden akt","Scene 2","Harlekin",2
"428","Anden akt","Scene 2","Henrik",113
"429","Anden akt","Scene 2","Herman",11
"430","Anden akt","Scene 2","Jacob",36
"431","Anden akt","Scene 2","Jeppe",9
"432","Anden akt","Scene 2","Jeronimus",14
"433","Anden akt","Scene 2","Jesper",36
"434","Anden akt","Scene 2","Kammertjener",1
"435","Anden akt","Scene 2","Kammertjeneren",9
"436","Anden akt","Scene 2","Lakajen",5
"437","Anden akt","Scene 2","Lars",6
"438","Anden akt","Scene 2","Leander",44
"439","Anden akt","Scene 2","Leerbeutel",7
"440","Anden akt","Scene 2","Lenader",1
"441","Anden akt","Scene 2","Leonard",8
"442","Anden akt","Scene 2","Leonora",8
"443","Anden akt","Scene 2","Marthe",10
"444","Anden akt","Scene 2","Montanus",29
"445","Anden akt","Scene 2","Octavius",5
"446","Anden akt","Scene 2","Oldfux",5
"447","Anden akt","Scene 2","Olympia",1
"448","Anden akt","Scene 2","Ovidius",3
"449","Anden akt","Scene 2","Pedro",7
"450","Anden akt","Scene 2","Peer",6
"451","Anden akt","Scene 2","Pernille",5
"452","Anden akt","Scene 2","Philocyne",1
"453","Anden akt","Scene 2","Plutus",2
"454","Anden akt","Scene 2","Ranudo",1
"455","Anden akt","Scene 2","Republikken",37
"456","Anden akt","Scene 2","Skrædderen",2
"457","Anden akt","Scene 2","Skriveren",46
"458","Anden akt","Scene 2","Sparenborg",13
"459","Anden akt","Scene 2","Studenstrup",8
"460","Anden akt","Scene 2","Terentia",14
"461","Anden akt","Scene 2","Trojaneren",25
"462","Anden akt","Scene 2","Tyboe",40
"463","Anden akt","Scene 2","Tyboe.",1
"464","Anden akt","Scene 2","Værten",6
"465","Anden akt","Scene 2","Vielgeschrey",15
"466","Anden akt","Scene 2",NA,50
"467","Anden akt","Scene 3","",4
"468","Anden akt","Scene 3","1. dame",13
"469","Anden akt","Scene 3","1. doktor",7
"470","Anden akt","Scene 3","1. madame",1
"471","Anden akt","Scene 3","2. dame",12
"472","Anden akt","Scene 3","2. doktor",7
"473","Anden akt","Scene 3","2. madame",1
"474","Anden akt","Scene 3","Anne",2
"475","Anden akt","Scene 3","Anne Kandestøbers",2
"476","Anden akt","Scene 3","Antonius",3
"477","Anden akt","Scene 3","Apicius",36
"478","Anden akt","Scene 3","Arbaces",3
"479","Anden akt","Scene 3","Arv",7
"480","Anden akt","Scene 3","Barselskvinden",15
"481","Anden akt","Scene 3","Chilian",3
"482","Anden akt","Scene 3","Cosmoligoreus",31
"483","Anden akt","Scene 3","Davus",7
"484","Anden akt","Scene 3","Doktor",5
"485","Anden akt","Scene 3","Don Ranudo",8
"486","Anden akt","Scene 3","Donna Olympia",10
"487","Anden akt","Scene 3","Dorothea",5
"488","Anden akt","Scene 3","Elsebet",4
"489","Anden akt","Scene 3","Espen",8
"490","Anden akt","Scene 3","Frantz",7
"491","Anden akt","Scene 3","Frantz Knivsmed",2
"492","Anden akt","Scene 3","Gert",18
"493","Anden akt","Scene 3","Gert Buntmager",4
"494","Anden akt","Scene 3","Gunild",6
"495","Anden akt","Scene 3","Helene",22
"496","Anden akt","Scene 3","Henrik",133
"497","Anden akt","Scene 3","Herman",14
"498","Anden akt","Scene 3","Holophernes",2
"499","Anden akt","Scene 3","Isabella",14
"500","Anden akt","Scene 3","Jacob",2
"501","Anden akt","Scene 3","Jeppe",24
"502","Anden akt","Scene 3","Jeronimus",78
"503","Anden akt","Scene 3","Kammertjeneren",6
"504","Anden akt","Scene 3","Leander",39
"505","Anden akt","Scene 3","Leander og Oldfux",1
"506","Anden akt","Scene 3","Leerbeutel",9
"507","Anden akt","Scene 3","Leonard",13
"508","Anden akt","Scene 3","Leonora",5
"509","Anden akt","Scene 3","Madame Ståbi",8
"510","Anden akt","Scene 3","Magdelone",7
"511","Anden akt","Scene 3","Marthe",10
"512","Anden akt","Scene 3","Montanus",22
"513","Anden akt","Scene 3","Nille",11
"514","Anden akt","Scene 3","Octavius",2
"515","Anden akt","Scene 3","Oldfux",3
"516","Anden akt","Scene 3","Olympia",1
"517","Anden akt","Scene 3","Ovidius",4
"518","Anden akt","Scene 3","Pedro",3
"519","Anden akt","Scene 3","Pernille",15
"520","Anden akt","Scene 3","Petronius",28
"521","Anden akt","Scene 3","Philemon",18
"522","Anden akt","Scene 3","Philocyne",5
"523","Anden akt","Scene 3","Richart",2
"524","Anden akt","Scene 3","Roland",2
"525","Anden akt","Scene 3","Roland.",1
"526","Anden akt","Scene 3","Sivert",1
"527","Anden akt","Scene 3","Sivert Posekigger",1
"528","Anden akt","Scene 3","Skriveren",22
"529","Anden akt","Scene 3","Terentia",10
"530","Anden akt","Scene 3","Tutti",2
"531","Anden akt","Scene 3","Ulysses",4
"532","Anden akt","Scene 3","Værten",6
"533","Anden akt","Scene 3","Vielgeschrey",14
"534","Anden akt","Scene 3",NA,49
"535","Anden akt","Scene 4","Abelone",17
"536","Anden akt","Scene 4","Anne",5
"537","Anden akt","Scene 4","Antonius",9
"538","Anden akt","Scene 4","Apicius",27
"539","Anden akt","Scene 4","Arv",16
"540","Anden akt","Scene 4","Baronen",42
"541","Anden akt","Scene 4","Barselskvinden",5
"542","Anden akt","Scene 4","Chilian",5
"543","Anden akt","Scene 4","Cosmoligoreus",16
"544","Anden akt","Scene 4","Den usynlige",10
"545","Anden akt","Scene 4","Diogenes",5
"546","Anden akt","Scene 4","Dobre Podolsky",8
"547","Anden akt","Scene 4","Don Ranudo",7
"548","Anden akt","Scene 4","Donna Olympia",5
"549","Anden akt","Scene 4","Ephraim",14
"550","Anden akt","Scene 4","Espen",8
"551","Anden akt","Scene 4","Gert",15
"552","Anden akt","Scene 4","Gert Westphaler",1
"553","Anden akt","Scene 4","Hadersleveren",10
"554","Anden akt","Scene 4","Henrik",143
"555","Anden akt","Scene 4","Jeppe",5
"556","Anden akt","Scene 4","Jeronimus",84
"557","Anden akt","Scene 4","Leander",75
"558","Anden akt","Scene 4","Leerbeutel",1
"559","Anden akt","Scene 4","Leonora",12
"560","Anden akt","Scene 4","Leonore",10
"561","Anden akt","Scene 4","Mandane.",7
"562","Anden akt","Scene 4","Nille",4
"563","Anden akt","Scene 4","Pedro",14
"564","Anden akt","Scene 4","Pernille",50
"565","Anden akt","Scene 4","Petronius",8
"566","Anden akt","Scene 4","Philemon",6
"567","Anden akt","Scene 4","Philocyne",4
"568","Anden akt","Scene 4","Semira.",6
"569","Anden akt","Scene 4","Skyldenborg",5
"570","Anden akt","Scene 4","Vielgeschrey",11
"571","Anden akt","Scene 4",NA,26
"572","Anden akt","Scene 5","1. pige",34
"573","Anden akt","Scene 5","2. pige",11
"574","Anden akt","Scene 5","2.pige",1
"575","Anden akt","Scene 5","Anne",3
"576","Anden akt","Scene 5","Antonius",2
"577","Anden akt","Scene 5","Barselskvinden",5
"578","Anden akt","Scene 5","Chilian",8
"579","Anden akt","Scene 5","Cosmoligoreus",5
"580","Anden akt","Scene 5","Elsebet",3
"581","Anden akt","Scene 5","Gert",2
"582","Anden akt","Scene 5","Helene",9
"583","Anden akt","Scene 5","Henrik",31
"584","Anden akt","Scene 5","Ingeborg",8
"585","Anden akt","Scene 5","Jacob",14
"586","Anden akt","Scene 5","Jeppe",6
"587","Anden akt","Scene 5","Jeronimus",18
"588","Anden akt","Scene 5","Juveleren",11
"589","Anden akt","Scene 5","Leander",40
"590","Anden akt","Scene 5","Leerbeutel",9
"591","Anden akt","Scene 5","Leonard",16
"592","Anden akt","Scene 5","Leonora",9
"593","Anden akt","Scene 5","Leonore",3
"594","Anden akt","Scene 5","Lucretia",16
"595","Anden akt","Scene 5","Magdelone",17
"596","Anden akt","Scene 5","Nille",3
"597","Anden akt","Scene 5","Oldfux",4
"598","Anden akt","Scene 5","Pernille",39
"599","Anden akt","Scene 5","Pernillegrædende)",1
"600","Anden akt","Scene 5","Petronius",6
"601","Anden akt","Scene 5","Philocyne",3
"602","Anden akt","Scene 5","Polidor",1
"603","Anden akt","Scene 5","Polidorus",1
"604","Anden akt","Scene 5","Rosiflengius",3
"605","Anden akt","Scene 5","Semira",2
"606","Anden akt","Scene 5","Studenstrup",13
"607","Anden akt","Scene 5",NA,23
"608","Anden akt","Scene 6","",3
"609","Anden akt","Scene 6","1. rådsherre",12
"610","Anden akt","Scene 6","2. rådsherre",1
"611","Anden akt","Scene 6","Arianke",20
"612","Anden akt","Scene 6","Artaxerxes.",2
"613","Anden akt","Scene 6","Arv",5
"614","Anden akt","Scene 6","Barselskvinden",23
"615","Anden akt","Scene 6","Chilian",3
"616","Anden akt","Scene 6","Corfitz",6
"617","Anden akt","Scene 6","Den usynlige",12
"618","Anden akt","Scene 6","Diogenes",2
"619","Anden akt","Scene 6","Elsebet",3
"620","Anden akt","Scene 6","Eraste",13
"621","Anden akt","Scene 6","Haagen",11
"622","Anden akt","Scene 6","Harlekin",25
"623","Anden akt","Scene 6","Henrik",42
"624","Anden akt","Scene 6","Jeronimus",57
"625","Anden akt","Scene 6","Leander",2
"626","Anden akt","Scene 6","Leerbeutel",15
"627","Anden akt","Scene 6","Leonard",23
"628","Anden akt","Scene 6","Leonora",12
"629","Anden akt","Scene 6","Lucretia",12
"630","Anden akt","Scene 6","Magdelone",18
"631","Anden akt","Scene 6","Pernille",31
"632","Anden akt","Scene 6","Polidor",4
"633","Anden akt","Scene 6","Vielgeschrey",14
"634","Anden akt","Scene 6",NA,24
"635","Anden akt","Scene 7","1. gaudieb",3
"636","Anden akt","Scene 7","1. rådsherre",2
"637","Anden akt","Scene 7","2. gaudieb",4
"638","Anden akt","Scene 7","2. rådsherre",1
"639","Anden akt","Scene 7","3. gaudieb",2
"640","Anden akt","Scene 7","3. rådsherre",1
"641","Anden akt","Scene 7","Artaxerxes.",1
"642","Anden akt","Scene 7","Barselskonen",3
"643","Anden akt","Scene 7","Bogholderen",2
"644","Anden akt","Scene 7","Chilian",16
"645","Anden akt","Scene 7","Else",3
"646","Anden akt","Scene 7","Haagen",8
"647","Anden akt","Scene 7","Henrik",38
"648","Anden akt","Scene 7","Holophernes",2
"649","Anden akt","Scene 7","Jeronimus",33
"650","Anden akt","Scene 7","Leander",31
"651","Anden akt","Scene 7","Leander på Knæ",1
"652","Anden akt","Scene 7","Leonora",14
"653","Anden akt","Scene 7","Lucretia",1
"654","Anden akt","Scene 7","Magdelone",9
"655","Anden akt","Scene 7","Mandane.",4
"656","Anden akt","Scene 7","Pernille",11
"657","Anden akt","Scene 7","Plutus",6
"658","Anden akt","Scene 7","Polidor",8
"659","Anden akt","Scene 7","Roland",7
"660","Anden akt","Scene 7","Semira.",3
"661","Anden akt","Scene 7","Ulysses",6
"662","Anden akt","Scene 7",NA,23
"663","Anden akt","Scene 8","",10
"664","Anden akt","Scene 8","1. rådsherre",15
"665","Anden akt","Scene 8","2. rådsherre",2
"666","Anden akt","Scene 8","Øllegård",21
"667","Anden akt","Scene 8","Apicius",21
"668","Anden akt","Scene 8","Artabanus",2
"669","Anden akt","Scene 8","Artabanus.",2
"670","Anden akt","Scene 8","Artaxerxes.",7
"671","Anden akt","Scene 8","Arv",2
"672","Anden akt","Scene 8","Barselskonen",2
"673","Anden akt","Scene 8","Barselskvinden",3
"674","Anden akt","Scene 8","Bogholderen",9
"675","Anden akt","Scene 8","Chilian",2
"676","Anden akt","Scene 8","Diogenes",2
"677","Anden akt","Scene 8","Dorthe",14
"678","Anden akt","Scene 8","Else",13
"679","Anden akt","Scene 8","Greven",1
"680","Anden akt","Scene 8","Henrik",27
"681","Anden akt","Scene 8","Jeronimus",1
"682","Anden akt","Scene 8","Leander",19
"683","Anden akt","Scene 8","Leerbeutel",13
"684","Anden akt","Scene 8","Lucretia",18
"685","Anden akt","Scene 8","Magdelone",9
"686","Anden akt","Scene 8","Mandane",2
"687","Anden akt","Scene 8","Mandane.",3
"688","Anden akt","Scene 8","Paltsgreve",1
"689","Anden akt","Scene 8","Paltsgreven",5
"690","Anden akt","Scene 8","Pernille",11
"691","Anden akt","Scene 8","Semira.",2
"692","Anden akt","Scene 8","Værten",3
"693","Anden akt","Scene 8","Vielgeschrey",6
"694","Anden akt","Scene 8",NA,17
"695","Anden akt","Scene 9",".",1
"696","Anden akt","Scene 9","Advokat",17
"697","Anden akt","Scene 9","Advokaten",4
"698","Anden akt","Scene 9","Apicius",2
"699","Anden akt","Scene 9","Arbaces",2
"700","Anden akt","Scene 9","Arbaces sagte.",1
"701","Anden akt","Scene 9","Arbaces.",13
"702","Anden akt","Scene 9","Artabanus",4
"703","Anden akt","Scene 9","Artabanus.",9
"704","Anden akt","Scene 9","Artaxerxes.",8
"705","Anden akt","Scene 9","Arv",9
"706","Anden akt","Scene 9","Barselskvinden",5
"707","Anden akt","Scene 9","Chilian",10
"708","Anden akt","Scene 9","Henrik",16
"709","Anden akt","Scene 9","Holophernes",2
"710","Anden akt","Scene 9","Mandane",8
"711","Anden akt","Scene 9","Mandane.",3
"712","Anden akt","Scene 9","Marcolfus",9
"713","Anden akt","Scene 9","Oldfux",16
"714","Anden akt","Scene 9","Pernille",4
"715","Anden akt","Scene 9","Ulysses",3
"716","Anden akt","Scene 9","Vielgeschrey",32
"717","Anden akt","Scene 9",NA,13
"718","Første akt","Scene 1","",4
"719","Første akt","Scene 1","1. bonde",9
"720","Første akt","Scene 1","2. bonde",8
"721","Første akt","Scene 1","Anden proprietær",2
"722","Første akt","Scene 1","Antonius",6
"723","Første akt","Scene 1","Arbaces.",7
"724","Første akt","Scene 1","Arv",21
"725","Første akt","Scene 1","Davus",6
"726","Første akt","Scene 1","Den anden proprietær",2
"727","Første akt","Scene 1","Den første proprietær",1
"728","Første akt","Scene 1","Drengen",5
"729","Første akt","Scene 1","Eleonora",7
"730","Første akt","Scene 1","En dreng",2
"731","Første akt","Scene 1","En postkarl",1
"732","Første akt","Scene 1","Første proprietær",2
"733","Første akt","Scene 1","Frands",13
"734","Første akt","Scene 1","Gonzalo",7
"735","Første akt","Scene 1","Harlekin",35
"736","Første akt","Scene 1","Helene",11
"737","Første akt","Scene 1","Henning",8
"738","Første akt","Scene 1","Henrik",41
"739","Første akt","Scene 1","Isabella",7
"740","Første akt","Scene 1","Jeppe",3
"741","Første akt","Scene 1","Jeronimus",22
"742","Første akt","Scene 1","Jesper Oldfux",5
"743","Første akt","Scene 1","Leander",84
"744","Første akt","Scene 1","Leerbeutel",6
"745","Første akt","Scene 1","Leonora",21
"746","Første akt","Scene 1","Leonore",18
"747","Første akt","Scene 1","Mandane.",6
"748","Første akt","Scene 1","Marcolfus",5
"749","Første akt","Scene 1","Niels",12
"750","Første akt","Scene 1","Nille",5
"751","Første akt","Scene 1","Novatianus",7
"752","Første akt","Scene 1","Ovidius",8
"753","Første akt","Scene 1","Pernille",29
"754","Første akt","Scene 1","Philemon",8
"755","Første akt","Scene 1","Postkarlen",2
"756","Første akt","Scene 1","Timotheus",7
"757","Første akt","Scene 1","Torben",5
"758","Første akt","Scene 1","Tredje proprietær",1
"759","Første akt","Scene 1","Troels",6
"760","Første akt","Scene 1",NA,24
"761","Første akt","Scene 10","",1
"762","Første akt","Scene 10","Arbaces.",10
"763","Første akt","Scene 10","Artabanus",2
"764","Første akt","Scene 10","Artabanus og Semira.",1
"765","Første akt","Scene 10","Artabanus.",6
"766","Første akt","Scene 10","Artaxerxes.",13
"767","Første akt","Scene 10","Chilian",3
"768","Første akt","Scene 10","Henrik",12
"769","Første akt","Scene 10","Leander",16
"770","Første akt","Scene 10","Leonora",17
"771","Første akt","Scene 10","Mandane.",3
"772","Første akt","Scene 10","Pernille",15
"773","Første akt","Scene 10","Semira.",1
"774","Første akt","Scene 10",NA,6
"775","Første akt","Scene 11","Arbaces",2
"776","Første akt","Scene 11","Arbaces.",1
"777","Første akt","Scene 11","Artabanus",2
"778","Første akt","Scene 11","Artabanus.",2
"779","Første akt","Scene 11","Arv",22
"780","Første akt","Scene 11","Chilian",2
"781","Første akt","Scene 11","Henrik",25
"782","Første akt","Scene 11","Magdelone",14
"783","Første akt","Scene 11","Mandane.",1
"784","Første akt","Scene 11","Pernille",21
"785","Første akt","Scene 11","Semira.",1
"786","Første akt","Scene 11",NA,8
"787","Første akt","Scene 12","",3
"788","Første akt","Scene 12","Arbaces.",1
"789","Første akt","Scene 12","Asverus",2
"790","Første akt","Scene 12","En ridder",1
"791","Første akt","Scene 12","Henrik",11
"792","Første akt","Scene 12","Ohngeldt",8
"793","Første akt","Scene 12","Semira.",2
"794","Første akt","Scene 12",NA,4
"795","Første akt","Scene 13","Arbaces",2
"796","Første akt","Scene 13","Arbaces.",11
"797","Første akt","Scene 13","Henrik",5
"798","Første akt","Scene 13","Leander",3
"799","Første akt","Scene 13","Mandane.",13
"800","Første akt","Scene 13","Pernille",5
"801","Første akt","Scene 13","Ulysses",3
"802","Første akt","Scene 13",NA,2
"803","Første akt","Scene 14","Arv",22
"804","Første akt","Scene 14","Chilian",9
"805","Første akt","Scene 14","Henrik",19
"806","Første akt","Scene 14","Ulysses",5
"807","Første akt","Scene 14",NA,2
"808","Første akt","Scene 2","",6
"809","Første akt","Scene 2","Anden proprietær",2
"810","Første akt","Scene 2","Antonius",7
"811","Første akt","Scene 2","Arbaces.",9
"812","Første akt","Scene 2","Artabanus.",8
"813","Første akt","Scene 2","Arv",56
"814","Første akt","Scene 2","Claus",9
"815","Første akt","Scene 2","Davus",2
"816","Første akt","Scene 2","Den fremmede person",2
"817","Første akt","Scene 2","Den usynlige",6
"818","Første akt","Scene 2","Eleonora",4
"819","Første akt","Scene 2","Første proprietær",2
"820","Første akt","Scene 2","Frands",7
"821","Første akt","Scene 2","Gert Westphaler",3
"822","Første akt","Scene 2","Gottard",9
"823","Første akt","Scene 2","Harlekin",5
"824","Første akt","Scene 2","Helene",1
"825","Første akt","Scene 2","Henrik",60
"826","Første akt","Scene 2","Isabella",29
"827","Første akt","Scene 2","Iversen",21
"828","Første akt","Scene 2","Jeppe",14
"829","Første akt","Scene 2","Jeronimus",8
"830","Første akt","Scene 2","Jesper",7
"831","Første akt","Scene 2","Leander",39
"832","Første akt","Scene 2","Leerbeutel",23
"833","Første akt","Scene 2","Leonard",4
"834","Første akt","Scene 2","Leonora",9
"835","Første akt","Scene 2","Leonore",9
"836","Første akt","Scene 2","Magdelone",15
"837","Første akt","Scene 2","Marcolfus",4
"838","Første akt","Scene 2","Nille",3
"839","Første akt","Scene 2","Novatianus",3
"840","Første akt","Scene 2","Paris",4
"841","Første akt","Scene 2","Pedro",33
"842","Første akt","Scene 2","Per",11
"843","Første akt","Scene 2","Pernille",58
"844","Første akt","Scene 2","Petronius",9
"845","Første akt","Scene 2","Philemon",1
"846","Første akt","Scene 2","proprietær",1
"847","Første akt","Scene 2","Proprietær",7
"848","Første akt","Scene 2","Skyldenborg",12
"849","Første akt","Scene 2","Torben",25
"850","Første akt","Scene 2","Troels",8
"851","Første akt","Scene 2",NA,26
"852","Første akt","Scene 3","",4
"853","Første akt","Scene 3","1. bonde",6
"854","Første akt","Scene 3","2. bonde",2
"855","Første akt","Scene 3","Øllegård",3
"856","Første akt","Scene 3","Artabanus.",6
"857","Første akt","Scene 3","Artaxerxes.",4
"858","Første akt","Scene 3","Arv",14
"859","Første akt","Scene 3","Bonden",30
"860","Første akt","Scene 3","Cogmoligoreus",2
"861","Første akt","Scene 3","Corfitz",17
"862","Første akt","Scene 3","Cosmoligoreus",9
"863","Første akt","Scene 3","Davus",7
"864","Første akt","Scene 3","Diogenes",8
"865","Første akt","Scene 3","Frands",1
"866","Første akt","Scene 3","Gert",10
"867","Første akt","Scene 3","Harlekin",2
"868","Første akt","Scene 3","Helene",8
"869","Første akt","Scene 3","Henrik",21
"870","Første akt","Scene 3","Isabella",6
"871","Første akt","Scene 3","Jean",5
"872","Første akt","Scene 3","Jeppe",6
"873","Første akt","Scene 3","Jeronimus",76
"874","Første akt","Scene 3","Jesper",9
"875","Første akt","Scene 3","Kællingen",23
"876","Første akt","Scene 3","Leander",10
"877","Første akt","Scene 3","Leerbeutel",16
"878","Første akt","Scene 3","Leonora",23
"879","Første akt","Scene 3","Lucretia",23
"880","Første akt","Scene 3","Magdelone",70
"881","Første akt","Scene 3","Manden",10
"882","Første akt","Scene 3","Marcolfus",7
"883","Første akt","Scene 3","Novatianus",6
"884","Første akt","Scene 3","Pedro",4
"885","Første akt","Scene 3","Peer",4
"886","Første akt","Scene 3","Per",4
"887","Første akt","Scene 3","Pernille",81
"888","Første akt","Scene 3","Petronius",11
"889","Første akt","Scene 3","Roland",10
"890","Første akt","Scene 3","Sganarel",8
"891","Første akt","Scene 3","Skyldenborg",1
"892","Første akt","Scene 3","Torben",10
"893","Første akt","Scene 3","Troels",13
"894","Første akt","Scene 3","Trols",1
"895","Første akt","Scene 3",NA,36
"896","Første akt","Scene 4","Øllegård",2
"897","Første akt","Scene 4","Abelone",8
"898","Første akt","Scene 4","Antonius",5
"899","Første akt","Scene 4","Artaxerxes alleene.",2
"900","Første akt","Scene 4","Arv",36
"901","Første akt","Scene 4","Bremenfeldt",10
"902","Første akt","Scene 4","Christoffer",4
"903","Første akt","Scene 4","Colombine",25
"904","Første akt","Scene 4","Corfitz",6
"905","Første akt","Scene 4","Cosmoligoreus",6
"906","Første akt","Scene 4","Davus",3
"907","Første akt","Scene 4","Dorothea",8
"908","Første akt","Scene 4","Frands",3
"909","Første akt","Scene 4","Fremmede",12
"910","Første akt","Scene 4","Gonzalo",1
"911","Første akt","Scene 4","Haagen",6
"912","Første akt","Scene 4","Harlekin",31
"913","Første akt","Scene 4","Henrik",44
"914","Første akt","Scene 4","Herman",6
"915","Første akt","Scene 4","Isabella",2
"916","Første akt","Scene 4","Jacob",14
"917","Første akt","Scene 4","Jens",40
"918","Første akt","Scene 4","Jens Griffel",2
"919","Første akt","Scene 4","Jeppe",23
"920","Første akt","Scene 4","Jeronimus",55
"921","Første akt","Scene 4","Jesper",13
"922","Første akt","Scene 4","Kællingen",11
"923","Første akt","Scene 4","Karlene",1
"924","Første akt","Scene 4","Lars",3
"925","Første akt","Scene 4","Leander",3
"926","Første akt","Scene 4","Leerbeutel",9
"927","Første akt","Scene 4","Leonard",1
"928","Første akt","Scene 4","Leonora",3
"929","Første akt","Scene 4","Leonore",17
"930","Første akt","Scene 4","Lucretia",10
"931","Første akt","Scene 4","Magdelone",11
"932","Første akt","Scene 4","Manden",8
"933","Første akt","Scene 4","Nille",8
"934","Første akt","Scene 4","Peer",33
"935","Første akt","Scene 4","Per",18
"936","Første akt","Scene 4","Pernille",24
"937","Første akt","Scene 4","Petronius",1
"938","Første akt","Scene 4","Roland",10
"939","Første akt","Scene 4","Sganarel",9
"940","Første akt","Scene 4","Skyldenborg",15
"941","Første akt","Scene 4","Torben",1
"942","Første akt","Scene 4","Værten",7
"943","Første akt","Scene 4","Vielgeschrey",29
"944","Første akt","Scene 4",NA,29
"945","Første akt","Scene 5","",2
"946","Første akt","Scene 5","1. pige",10
"947","Første akt","Scene 5","2. pige",8
"948","Første akt","Scene 5","Øllegård",4
"949","Første akt","Scene 5","Antonius",5
"950","Første akt","Scene 5","Artaxerxes.",3
"951","Første akt","Scene 5","Arv",15
"952","Første akt","Scene 5","Colombine",7
"953","Første akt","Scene 5","Corfitz",7
"954","Første akt","Scene 5","Davus",3
"955","Første akt","Scene 5","Den fremmede",9
"956","Første akt","Scene 5","Drengen",2
"957","Første akt","Scene 5","En anden Dreng",1
"958","Første akt","Scene 5","Ephraim",7
"959","Første akt","Scene 5","Frands",36
"960","Første akt","Scene 5","Geske",11
"961","Første akt","Scene 5","Gonzalo",8
"962","Første akt","Scene 5","Gusman",12
"963","Første akt","Scene 5","Haagen",6
"964","Første akt","Scene 5","Henrik",29
"965","Første akt","Scene 5","Isabella",1
"966","Første akt","Scene 5","Jeppe",12
"967","Første akt","Scene 5","Jeronimus",54
"968","Første akt","Scene 5","Jesper",8
"969","Første akt","Scene 5","Konen",6
"970","Første akt","Scene 5","Lakajen",5
"971","Første akt","Scene 5","Leander",12
"972","Første akt","Scene 5","Leerbeutel",15
"973","Første akt","Scene 5","Leonard",16
"974","Første akt","Scene 5","Leonora",12
"975","Første akt","Scene 5","Leonore",3
"976","Første akt","Scene 5","Lisbed",10
"977","Første akt","Scene 5","Lucretia",5
"978","Første akt","Scene 5","Magdelone",77
"979","Første akt","Scene 5","Manden",14
"980","Første akt","Scene 5","Mercurius",5
"981","Første akt","Scene 5","Nille",1
"982","Første akt","Scene 5","Ovidius",22
"983","Første akt","Scene 5","Pedro",5
"984","Første akt","Scene 5","Per",3
"985","Første akt","Scene 5","Pernille",34
"986","Første akt","Scene 5","Petronius",4
"987","Første akt","Scene 5","Pigen",2
"988","Første akt","Scene 5","Roland",18
"989","Første akt","Scene 5","Rosiflengius",8
"990","Første akt","Scene 5","Semira.",4
"991","Første akt","Scene 5","Skyldenborg",12
"992","Første akt","Scene 5","Tutti",1
"993","Første akt","Scene 5","Ulysses",5
"994","Første akt","Scene 5","Vielgeschrey",6
"995","Første akt","Scene 5",NA,33
"996","Første akt","Scene 6","",2
"997","Første akt","Scene 6","Øllegård",1
"998","Første akt","Scene 6","Antonius",3
"999","Første akt","Scene 6","Arv",5
"1000","Første akt","Scene 6","Barberen",6
"1001","Første akt","Scene 6","Bonden",5
"1002","Første akt","Scene 6","Chilian",1
"1003","Første akt","Scene 6","Corfitz",10
"1004","Første akt","Scene 6","Davus",15
"1005","Første akt","Scene 6","Dorothea",2
"1006","Første akt","Scene 6","En bonde",2
"1007","Første akt","Scene 6","En karl",2
"1008","Første akt","Scene 6","En skrædder",1
"1009","Første akt","Scene 6","Ephraim",4
"1010","Første akt","Scene 6","Frands",13
"1011","Første akt","Scene 6","Geske",6
"1012","Første akt","Scene 6","Gusman",1
"1013","Første akt","Scene 6","Haagen",1
"1014","Første akt","Scene 6","Henrik",97
"1015","Første akt","Scene 6","Jacob",25
"1016","Første akt","Scene 6","Jean",14
"1017","Første akt","Scene 6","Jens",2
"1018","Første akt","Scene 6","Jeppe",31
"1019","Første akt","Scene 6","Jeronimus",29
"1020","Første akt","Scene 6","Jesper",12
"1021","Første akt","Scene 6","Konen",1
"1022","Første akt","Scene 6","Leander",50
"1023","Første akt","Scene 6","Leonard",1
"1024","Første akt","Scene 6","Leonora",14
"1025","Første akt","Scene 6","Leonore",6
"1026","Første akt","Scene 6","Lucilia",7
"1027","Første akt","Scene 6","Lucretia",13
"1028","Første akt","Scene 6","Magdelone",19
"1029","Første akt","Scene 6","Octavius",2
"1030","Første akt","Scene 6","Ovidius",4
"1031","Første akt","Scene 6","Pedro",5
"1032","Første akt","Scene 6","Peiter",8
"1033","Første akt","Scene 6","Per",1
"1034","Første akt","Scene 6","Pernille",77
"1035","Første akt","Scene 6","Petronius",35
"1036","Første akt","Scene 6","Republikken",11
"1037","Første akt","Scene 6","Roland",7
"1038","Første akt","Scene 6","Rosiflengius",12
"1039","Første akt","Scene 6","Semira",4
"1040","Første akt","Scene 6","Skrædderen",1
"1041","Første akt","Scene 6","Skyldenborg",8
"1042","Første akt","Scene 6","Terentia",10
"1043","Første akt","Scene 6","Timotheus",12
"1044","Første akt","Scene 6","Torben",1
"1045","Første akt","Scene 6","Troels",5
"1046","Første akt","Scene 6","Tutti",2
"1047","Første akt","Scene 6","Tychonius",12
"1048","Første akt","Scene 6","Ulysses",3
"1049","Første akt","Scene 6","Vielgeschrey",36
"1050","Første akt","Scene 6",NA,49
"1051","Første akt","Scene 7","Artaxerxes.",2
"1052","Første akt","Scene 7","Arv",3
"1053","Første akt","Scene 7","Chilian",2
"1054","Første akt","Scene 7","Corfitz",26
"1055","Første akt","Scene 7","Diogenes",1
"1056","Første akt","Scene 7","Dorothea",12
"1057","Første akt","Scene 7","En anden pige",1
"1058","Første akt","Scene 7","En pige",2
"1059","Første akt","Scene 7","Gusmann",2
"1060","Første akt","Scene 7","Henrik",35
"1061","Første akt","Scene 7","Jacob",8
"1062","Første akt","Scene 7","Jeppe",2
"1063","Første akt","Scene 7","Jeronimus",12
"1064","Første akt","Scene 7","Jesper",1
"1065","Første akt","Scene 7","Leander",11
"1066","Første akt","Scene 7","Leonard",1
"1067","Første akt","Scene 7","Leonora",24
"1068","Første akt","Scene 7","Leonore",11
"1069","Første akt","Scene 7","Magdelone",32
"1070","Første akt","Scene 7","Mandane.",3
"1071","Første akt","Scene 7","Manden i portechaisen",1
"1072","Første akt","Scene 7","Ovidius",7
"1073","Første akt","Scene 7","Pedro",1
"1074","Første akt","Scene 7","Pernille",41
"1075","Første akt","Scene 7","Petronius",5
"1076","Første akt","Scene 7","Pigen",13
"1077","Første akt","Scene 7","Plutus",5
"1078","Første akt","Scene 7","Roland",8
"1079","Første akt","Scene 7","Sganarel",11
"1080","Første akt","Scene 7","Skyldenborg",1
"1081","Første akt","Scene 7","Timotheus",4
"1082","Første akt","Scene 7","tjeneren",1
"1083","Første akt","Scene 7","Troels",4
"1084","Første akt","Scene 7","Tychonius",1
"1085","Første akt","Scene 7","Vielgeschrey",14
"1086","Første akt","Scene 7",NA,27
"1087","Første akt","Scene 8","1. lakaj",1
"1088","Første akt","Scene 8","1. mand",14
"1089","Første akt","Scene 8","Artabanus.",5
"1090","Første akt","Scene 8","Artaxerxes.",4
"1091","Første akt","Scene 8","Arv",7
"1092","Første akt","Scene 8","Baronen",7
"1093","Første akt","Scene 8","Davus",13
"1094","Første akt","Scene 8","Diogenes",11
"1095","Første akt","Scene 8","Erik",1
"1096","Første akt","Scene 8","Erik Lakaj",1
"1097","Første akt","Scene 8","Henrik",43
"1098","Første akt","Scene 8","Jeronimus",14
"1099","Første akt","Scene 8","Kammertjeneren",1
"1100","Første akt","Scene 8","Leander",23
"1101","Første akt","Scene 8","Leonora",13
"1102","Første akt","Scene 8","Leonore",3
"1103","Første akt","Scene 8","Lucretia",18
"1104","Første akt","Scene 8","Manden",2
"1105","Første akt","Scene 8","Manden i portechaisen",12
"1106","Første akt","Scene 8","Octavius",8
"1107","Første akt","Scene 8","Peer",24
"1108","Første akt","Scene 8","Pernille",31
"1109","Første akt","Scene 8","Petronius",19
"1110","Første akt","Scene 8","Petronius.",1
"1111","Første akt","Scene 8","Rosimunda",1
"1112","Første akt","Scene 8","Sekretæren",3
"1113","Første akt","Scene 8",NA,20
"1114","Første akt","Scene 9","Artabanus",2
"1115","Første akt","Scene 9","Artabanus.",3
"1116","Første akt","Scene 9","Artaxerxes.",4
"1117","Første akt","Scene 9","Davus",9
"1118","Første akt","Scene 9","Diogenes",6
"1119","Første akt","Scene 9","Henrik",3
"1120","Første akt","Scene 9","Leander",19
"1121","Første akt","Scene 9","Leonora",3
"1122","Første akt","Scene 9","Mandane",2
"1123","Første akt","Scene 9","Mandane.",2
"1124","Første akt","Scene 9","Oldfux",21
"1125","Første akt","Scene 9","Palæstrio",5
"1126","Første akt","Scene 9","Peer",5
"1127","Første akt","Scene 9","Penelope",9
"1128","Første akt","Scene 9","Pernille",25
"1129","Første akt","Scene 9","Republikken",13
"1130","Første akt","Scene 9","Rosimunda",9
"1131","Første akt","Scene 9","Semira.",4
"1132","Første akt","Scene 9",NA,9
"1133","Femte akt","Scene 1","",2
"1134","Femte akt","Scene 1","Advokat",8
"1135","Femte akt","Scene 1","Apicius",9
"1136","Femte akt","Scene 1","Betjenten",1
"1137","Femte akt","Scene 1","Byfogeden",4
"1138","Femte akt","Scene 1","Chilian",4
"1139","Femte akt","Scene 1","Corfitz",2
"1140","Femte akt","Scene 1","Cosmoligoreus",4
"1141","Femte akt","Scene 1","Davus",2
"1142","Femte akt","Scene 1","Dommeren",36
"1143","Femte akt","Scene 1","Drengen",1
"1144","Femte akt","Scene 1","En betjent",1
"1145","Femte akt","Scene 1","En mand",2
"1146","Femte akt","Scene 1","Espen",6
"1147","Femte akt","Scene 1","Gusmann",8
"1148","Femte akt","Scene 1","Henrik",20
"1149","Femte akt","Scene 1","Jacob",5
"1150","Femte akt","Scene 1","Jean",19
"1151","Femte akt","Scene 1","Jeppe",4
"1152","Femte akt","Scene 1","Jesper",10
"1153","Femte akt","Scene 1","Løjtnant",8
"1154","Femte akt","Scene 1","Leander",12
"1155","Femte akt","Scene 1","Leonora",7
"1156","Femte akt","Scene 1","Manden",2
"1157","Femte akt","Scene 1","Nille",6
"1158","Femte akt","Scene 1","Pandolfus",1
"1159","Femte akt","Scene 1","Pernille",4
"1160","Femte akt","Scene 1","Pierre",19
"1161","Femte akt","Scene 1","Rosiflengius",2
"1162","Femte akt","Scene 1","Skriveren",6
"1163","Femte akt","Scene 1","Tobias",4
"1164","Femte akt","Scene 1","Troels",1
"1165","Femte akt","Scene 1","Ulysses",3
"1166","Femte akt","Scene 1",NA,27
"1167","Femte akt","Scene 10","",4
"1168","Femte akt","Scene 10","Anden rådsherre",1
"1169","Femte akt","Scene 10","Dommeren",2
"1170","Femte akt","Scene 10","Første rådsherre",3
"1171","Femte akt","Scene 10","Henrik",5
"1172","Femte akt","Scene 10","Jeronimus",1
"1173","Femte akt","Scene 10","Jesper",3
"1174","Femte akt","Scene 10","Leander",1
"1175","Femte akt","Scene 10","Lucilia",4
"1176","Femte akt","Scene 10","Lucretia",4
"1177","Femte akt","Scene 10","Officer",3
"1178","Femte akt","Scene 10","Officeren",1
"1179","Femte akt","Scene 10","Philocyne",1
"1180","Femte akt","Scene 10","Pigen",5
"1181","Femte akt","Scene 10","Polidor",1
"1182","Femte akt","Scene 10","Rosiflengius",1
"1183","Femte akt","Scene 10",NA,6
"1184","Femte akt","Scene 11","Den rette Niels Christensen",1
"1185","Femte akt","Scene 11","Første rådsherre",3
"1186","Femte akt","Scene 11","Jesper",11
"1187","Femte akt","Scene 11","Leonard",11
"1188","Femte akt","Scene 11","Niels Christensen",34
"1189","Femte akt","Scene 11","Præsten",5
"1190","Femte akt","Scene 11","Skriveren",1
"1191","Femte akt","Scene 11","Studenstrup",39
"1192","Femte akt","Scene 11","Tyboe",9
"1193","Femte akt","Scene 11",NA,9
"1194","Femte akt","Scene 12","",3
"1195","Femte akt","Scene 12","Christoffer",1
"1196","Femte akt","Scene 12","Første rådsherre",1
"1197","Femte akt","Scene 12","Henrik",4
"1198","Femte akt","Scene 12","Jesper",4
"1199","Femte akt","Scene 12","Leonard",3
"1200","Femte akt","Scene 12","Leonora",4
"1201","Femte akt","Scene 12",NA,3
"1202","Femte akt","Scene 13","tjeneren",1
"1203","Femte akt","Scene 13",NA,2
"1204","Femte akt","Scene 14","",2
"1205","Femte akt","Scene 15","",1
"1206","Femte akt","Scene 15",NA,1
"1207","Femte akt","Scene 2","",3
"1208","Femte akt","Scene 2","1. advokat",7
"1209","Femte akt","Scene 2","1. komediant",3
"1210","Femte akt","Scene 2","2. advokat",8
"1211","Femte akt","Scene 2","2. Advokat",1
"1212","Femte akt","Scene 2","Apicius",4
"1213","Femte akt","Scene 2","Arv",14
"1214","Femte akt","Scene 2","Bonden",21
"1215","Femte akt","Scene 2","Bremenfeld",18
"1216","Femte akt","Scene 2","Byfogeden",2
"1217","Femte akt","Scene 2","Chilian",16
"1218","Femte akt","Scene 2","Chiromanticus",18
"1219","Femte akt","Scene 2","Corfitz",22
"1220","Femte akt","Scene 2","Cosmoligoreus",3
"1221","Femte akt","Scene 2","Davus",4
"1222","Femte akt","Scene 2","Dommeren",19
"1223","Femte akt","Scene 2","Donna Maria",3
"1224","Femte akt","Scene 2","Dorothea",7
"1225","Femte akt","Scene 2","En Spiller",1
"1226","Femte akt","Scene 2","Espen",6
"1227","Femte akt","Scene 2","Henrik",5
"1228","Femte akt","Scene 2","Jacob",4
"1229","Femte akt","Scene 2","Jean",12
"1230","Femte akt","Scene 2","Jeppe",11
"1231","Femte akt","Scene 2","Jesper",12
"1232","Femte akt","Scene 2","Kællingen",3
"1233","Femte akt","Scene 2","Løjtnant",19
"1234","Femte akt","Scene 2","Leonora",2
"1235","Femte akt","Scene 2","Menander",5
"1236","Femte akt","Scene 2","Montanus",19
"1237","Femte akt","Scene 2","Pandolfus",6
"1238","Femte akt","Scene 2","Pedro",1
"1239","Femte akt","Scene 2","Philemon",1
"1240","Femte akt","Scene 2","Pierre",3
"1241","Femte akt","Scene 2","Rosiflengius",1
"1242","Femte akt","Scene 2","Spilleren",3
"1243","Femte akt","Scene 2","Terentia",5
"1244","Femte akt","Scene 2","Troels",4
"1245","Femte akt","Scene 2","Tychonius",11
"1246","Femte akt","Scene 2","Ulysses",8
"1247","Femte akt","Scene 2",NA,25
"1248","Femte akt","Scene 3","",2
"1249","Femte akt","Scene 3","1. komediant",5
"1250","Femte akt","Scene 3","1.komediant",1
"1251","Femte akt","Scene 3","2. komediant",3
"1252","Femte akt","Scene 3","Abelone",4
"1253","Femte akt","Scene 3","Apicius",5
"1254","Femte akt","Scene 3","Arv",8
"1255","Femte akt","Scene 3","Betjenten",1
"1256","Femte akt","Scene 3","Borgeren",3
"1257","Femte akt","Scene 3","Borgmesteren",8
"1258","Femte akt","Scene 3","Bremenfeld",46
"1259","Femte akt","Scene 3","Byfogeden",3
"1260","Femte akt","Scene 3","Chilan",3
"1261","Femte akt","Scene 3","Chilian",23
"1262","Femte akt","Scene 3","Christoffer",13
"1263","Femte akt","Scene 3","Corfitz",9
"1264","Femte akt","Scene 3","Cosmoligoreus",3
"1265","Femte akt","Scene 3","Davus",12
"1266","Femte akt","Scene 3","Dommeren",23
"1267","Femte akt","Scene 3","Don Ranudo",15
"1268","Femte akt","Scene 3","Donna Maria",1
"1269","Femte akt","Scene 3","Donna Olympia",2
"1270","Femte akt","Scene 3","Dorothea",16
"1271","Femte akt","Scene 3","En anden borger",1
"1272","Femte akt","Scene 3","En anden pige",1
"1273","Femte akt","Scene 3","En betjent",1
"1274","Femte akt","Scene 3","En Borger",1
"1275","Femte akt","Scene 3","En lakaj",1
"1276","Femte akt","Scene 3","En pige",2
"1277","Femte akt","Scene 3","Espen",4
"1278","Femte akt","Scene 3","Gert",2
"1279","Femte akt","Scene 3","Gunild",5
"1280","Femte akt","Scene 3","Gusmann",5
"1281","Femte akt","Scene 3","Henrik",52
"1282","Femte akt","Scene 3","Herman von Bremenfeld",2
"1283","Femte akt","Scene 3","Jacob",1
"1284","Femte akt","Scene 3","Jean",8
"1285","Femte akt","Scene 3","Jeppe",2
"1286","Femte akt","Scene 3","Jesper",4
"1287","Femte akt","Scene 3","Kavaler",11
"1288","Femte akt","Scene 3","Løjtnant",3
"1289","Femte akt","Scene 3","Leander",12
"1290","Femte akt","Scene 3","Leonard",1
"1291","Femte akt","Scene 3","Leonora",2
"1292","Femte akt","Scene 3","Lucretia",7
"1293","Femte akt","Scene 3","Montanus",2
"1294","Femte akt","Scene 3","Niels",2
"1295","Femte akt","Scene 3","Pedro",14
"1296","Femte akt","Scene 3","Pernille",4
"1297","Femte akt","Scene 3","Philemon",1
"1298","Femte akt","Scene 3","Pierre",4
"1299","Femte akt","Scene 3","Rosiflengius",4
"1300","Femte akt","Scene 3","Sganarel",16
"1301","Femte akt","Scene 3","Sparenborg",10
"1302","Femte akt","Scene 3","Spilleren",13
"1303","Femte akt","Scene 3","Terentia",3
"1304","Femte akt","Scene 3","Tobias",8
"1305","Femte akt","Scene 3","Troels",12
"1306","Femte akt","Scene 3","Ulysses",15
"1307","Femte akt","Scene 3",NA,32
"1308","Femte akt","Scene 4","1. aktør",1
"1309","Femte akt","Scene 4","Abrahams",2
"1310","Femte akt","Scene 4","Abrahams.",1
"1311","Femte akt","Scene 4","Anklageren",2
"1312","Femte akt","Scene 4","Betjenten",1
"1313","Femte akt","Scene 4","Borgmesteren",1
"1314","Femte akt","Scene 4","Bremenfeld",1
"1315","Femte akt","Scene 4","Corfitz",7
"1316","Femte akt","Scene 4","Cosmoligoreus",8
"1317","Femte akt","Scene 4","Davus",13
"1318","Femte akt","Scene 4","De 2 komedianter",1
"1319","Femte akt","Scene 4","Diogenes",12
"1320","Femte akt","Scene 4","Dommeren",30
"1321","Femte akt","Scene 4","Don Ranudo",10
"1322","Femte akt","Scene 4","Donna Maria",2
"1323","Femte akt","Scene 4","Donna Olympia",7
"1324","Femte akt","Scene 4","En betjent",1
"1325","Femte akt","Scene 4","En kavaler",2
"1326","Femte akt","Scene 4","En person",2
"1327","Femte akt","Scene 4","Espen",4
"1328","Femte akt","Scene 4","Gonzalo",6
"1329","Femte akt","Scene 4","Gusmann",17
"1330","Femte akt","Scene 4","Henrik",3
"1331","Femte akt","Scene 4","Herman von Bremenfeld",1
"1332","Femte akt","Scene 4","Jacob",12
"1333","Femte akt","Scene 4","Jean",6
"1334","Femte akt","Scene 4","Jeppe",9
"1335","Femte akt","Scene 4","Løjtnant",3
"1336","Femte akt","Scene 4","Leander",22
"1337","Femte akt","Scene 4","Leonard",3
"1338","Femte akt","Scene 4","Leonora",12
"1339","Femte akt","Scene 4","Lucretia",1
"1340","Femte akt","Scene 4","Manden",4
"1341","Femte akt","Scene 4","Mester Gert",2
"1342","Femte akt","Scene 4","Mester Herman",10
"1343","Femte akt","Scene 4","Montanus",4
"1344","Femte akt","Scene 4","Niels",1
"1345","Femte akt","Scene 4","Notarius",9
"1346","Femte akt","Scene 4","Pedro",3
"1347","Femte akt","Scene 4","Pernille",2
"1348","Femte akt","Scene 4","Pernille.",1
"1349","Femte akt","Scene 4","Pierre",2
"1350","Femte akt","Scene 4","Poeten",13
"1351","Femte akt","Scene 4","Sanderus",4
"1352","Femte akt","Scene 4","Skærsliberen",4
"1353","Femte akt","Scene 4","Skriveren",6
"1354","Femte akt","Scene 4","Terentia",1
"1355","Femte akt","Scene 4","Tobias",7
"1356","Femte akt","Scene 4","Torben",3
"1357","Femte akt","Scene 4","Troels",7
"1358","Femte akt","Scene 4","Udtolkeren",12
"1359","Femte akt","Scene 4","Ulysses",5
"1360","Femte akt","Scene 4",NA,29
"1361","Femte akt","Scene 5","",2
"1362","Femte akt","Scene 5","1. advokat",13
"1363","Femte akt","Scene 5","1. jøde",1
"1364","Femte akt","Scene 5","2. advokat",14
"1365","Femte akt","Scene 5","2. jøde",11
"1366","Femte akt","Scene 5","Abelone",1
"1367","Femte akt","Scene 5","Apicius",1
"1368","Femte akt","Scene 5","Christoffer",7
"1369","Femte akt","Scene 5","Den 1. advokat",2
"1370","Femte akt","Scene 5","Diogenes",1
"1371","Femte akt","Scene 5","Dommeren",11
"1372","Femte akt","Scene 5","Espen",6
"1373","Femte akt","Scene 5","Henrik",16
"1374","Femte akt","Scene 5","Herman",7
"1375","Femte akt","Scene 5","Herman von Bremenfeld",1
"1376","Femte akt","Scene 5","Jacob",2
"1377","Femte akt","Scene 5","Jeppe",9
"1378","Femte akt","Scene 5","Jeronimus",14
"1379","Femte akt","Scene 5","Jesper",6
"1380","Femte akt","Scene 5","Jesper.",1
"1381","Femte akt","Scene 5","Kæresten",4
"1382","Femte akt","Scene 5","Kavaleren",25
"1383","Femte akt","Scene 5","Løjtnant",3
"1384","Femte akt","Scene 5","Leander",6
"1385","Femte akt","Scene 5","Lisbed",3
"1386","Femte akt","Scene 5","Magnus",8
"1387","Femte akt","Scene 5","Marthe",5
"1388","Femte akt","Scene 5","Mester Gert",2
"1389","Femte akt","Scene 5","Moderen",5
"1390","Femte akt","Scene 5","Montanus",7
"1391","Femte akt","Scene 5","Peer",8
"1392","Femte akt","Scene 5","Pernille",6
"1393","Femte akt","Scene 5","Pigen",6
"1394","Femte akt","Scene 5","Polidor",3
"1395","Femte akt","Scene 5","Skriveren",4
"1396","Femte akt","Scene 5","Sparenborg",5
"1397","Femte akt","Scene 5","Studenstrup",8
"1398","Femte akt","Scene 5","Terentia",2
"1399","Femte akt","Scene 5","Torben",18
"1400","Femte akt","Scene 5","Troels",7
"1401","Femte akt","Scene 5","Ulysses",19
"1402","Femte akt","Scene 5",NA,19
"1403","Femte akt","Scene 6","Baronen",7
"1404","Femte akt","Scene 6","Corfitz",9
"1405","Femte akt","Scene 6","Den fremmede",1
"1406","Femte akt","Scene 6","Den Fremmede",2
"1407","Femte akt","Scene 6","Diogenes",6
"1408","Femte akt","Scene 6","Dommeren",10
"1409","Femte akt","Scene 6","Dorothea",4
"1410","Femte akt","Scene 6","Drengen",1
"1411","Femte akt","Scene 6","Erik",2
"1412","Femte akt","Scene 6","Frands",10
"1413","Femte akt","Scene 6","Henrik",9
"1414","Femte akt","Scene 6","Herman von Bremenfeld",7
"1415","Femte akt","Scene 6","Jeronimus",14
"1416","Femte akt","Scene 6","Jesper",2
"1417","Femte akt","Scene 6","Leander",6
"1418","Femte akt","Scene 6","Mester Gert",4
"1419","Femte akt","Scene 6","Officeren",9
"1420","Femte akt","Scene 6","Petronius",2
"1421","Femte akt","Scene 6","Polidor",6
"1422","Femte akt","Scene 6","Rådsherren",7
"1423","Femte akt","Scene 6","Skolemesteren",9
"1424","Femte akt","Scene 6","Studenstrup",4
"1425","Femte akt","Scene 6","To Mænd",2
"1426","Femte akt","Scene 6","Troels",2
"1427","Femte akt","Scene 6","Tyboe",3
"1428","Femte akt","Scene 6",NA,12
"1429","Femte akt","Scene 7","",6
"1430","Femte akt","Scene 7","1. pige",3
"1431","Femte akt","Scene 7","2. pige",1
"1432","Femte akt","Scene 7","Anden rådsherre",1
"1433","Femte akt","Scene 7","Antonius",8
"1434","Femte akt","Scene 7","Corfitz",7
"1435","Femte akt","Scene 7","Cosmoligoreus",28
"1436","Femte akt","Scene 7","Dommeren",11
"1437","Femte akt","Scene 7","Første rådsherre",3
"1438","Femte akt","Scene 7","Henrik",3
"1439","Femte akt","Scene 7","Herman",10
"1440","Femte akt","Scene 7","Jørgen",1
"1441","Femte akt","Scene 7","Jørgen Handskemager",2
"1442","Femte akt","Scene 7","Jeronimus",14
"1443","Femte akt","Scene 7","Jesper",1
"1444","Femte akt","Scene 7","Knud",7
"1445","Femte akt","Scene 7","Leander",2
"1446","Femte akt","Scene 7","Leonora",13
"1447","Femte akt","Scene 7","Lucilia",2
"1448","Femte akt","Scene 7","Mester Gert",1
"1449","Femte akt","Scene 7","Peer",3
"1450","Femte akt","Scene 7","Pernille",22
"1451","Femte akt","Scene 7","Petronius",7
"1452","Femte akt","Scene 7","Polidor",1
"1453","Femte akt","Scene 7","Skriveren",1
"1454","Femte akt","Scene 7","Studenstrup",4
"1455","Femte akt","Scene 7","Troels",3
"1456","Femte akt","Scene 7","Tyboe",1
"1457","Femte akt","Scene 7",NA,19
"1458","Femte akt","Scene 8","Antonius",1
"1459","Femte akt","Scene 8","Cosmoligoreus",9
"1460","Femte akt","Scene 8","Dommeren",7
"1461","Femte akt","Scene 8","Første rådsherre",6
"1462","Femte akt","Scene 8","Fruen",6
"1463","Femte akt","Scene 8","Geske",5
"1464","Femte akt","Scene 8","Henrik",8
"1465","Femte akt","Scene 8","Herman",10
"1466","Femte akt","Scene 8","Jens",8
"1467","Femte akt","Scene 8","Jesper",39
"1468","Femte akt","Scene 8","Jesper.",2
"1469","Femte akt","Scene 8","Jomfruen",6
"1470","Femte akt","Scene 8","Lucilia",1
"1471","Femte akt","Scene 8","Mester Gert Westphaler",3
"1472","Femte akt","Scene 8","Pagen",1
"1473","Femte akt","Scene 8","Peer",6
"1474","Femte akt","Scene 8","Petronius",9
"1475","Femte akt","Scene 8","Philocyne",2
"1476","Femte akt","Scene 8","Rosiflengius",1
"1477","Femte akt","Scene 8","Skriveren",1
"1478","Femte akt","Scene 8","Studenstrup",3
"1479","Femte akt","Scene 8","Tyboe",30
"1480","Femte akt","Scene 8","Tyboes tale til folket:",1
"1481","Femte akt","Scene 8","Tychonius",5
"1482","Femte akt","Scene 8","Tychonius.",1
"1483","Femte akt","Scene 8",NA,14
"1484","Femte akt","Scene 9","",3
"1485","Femte akt","Scene 9","2 Vægter",2
"1486","Femte akt","Scene 9","Dommeren",9
"1487","Femte akt","Scene 9","Første rådsherre",5
"1488","Femte akt","Scene 9","Gejsten",3
"1489","Femte akt","Scene 9","Henrik",55
"1490","Femte akt","Scene 9","Jacob",5
"1491","Femte akt","Scene 9","Jeronimus",3
"1492","Femte akt","Scene 9","Jesper",6
"1493","Femte akt","Scene 9","Leonard",5
"1494","Femte akt","Scene 9","Officeren",9
"1495","Femte akt","Scene 9","Philemon",1
"1496","Femte akt","Scene 9","Rosiflengius",4
"1497","Femte akt","Scene 9","Skolemesteren",9
"1498","Femte akt","Scene 9","Skriveren",7
"1499","Femte akt","Scene 9","Studenstrup",59
"1500","Femte akt","Scene 9","Theophilus",4
"1501","Femte akt","Scene 9","vægter",2
"1502","Femte akt","Scene 9","Vægter",3
"1503","Femte akt","Scene 9","Vægterne",1
"1504","Femte akt","Scene 9",NA,7
"1505","Fjerde akt","Scene 1","Antonius",2
"1506","Fjerde akt","Scene 1","Apelone",5
"1507","Fjerde akt","Scene 1","Chilian",6
"1508","Fjerde akt","Scene 1","Davus",7
"1509","Fjerde akt","Scene 1","Diogenes",6
"1510","Fjerde akt","Scene 1","Eleonora",3
"1511","Fjerde akt","Scene 1","Elsebet",1
"1512","Fjerde akt","Scene 1","Gert",2
"1513","Fjerde akt","Scene 1","Henrik",6
"1514","Fjerde akt","Scene 1","Isabella",2
"1515","Fjerde akt","Scene 1","Jeppe",7
"1516","Fjerde akt","Scene 1","Jeronimus",15
"1517","Fjerde akt","Scene 1","Jesper",3
"1518","Fjerde akt","Scene 1","Konen",8
"1519","Fjerde akt","Scene 1","Leander",2
"1520","Fjerde akt","Scene 1","Leonora",3
"1521","Fjerde akt","Scene 1","Lucretia",6
"1522","Fjerde akt","Scene 1","Magdelone",9
"1523","Fjerde akt","Scene 1","Marthe",3
"1524","Fjerde akt","Scene 1","Montanus",2
"1525","Fjerde akt","Scene 1","Pernille",10
"1526","Fjerde akt","Scene 1","Philocyne",3
"1527","Fjerde akt","Scene 1","Studenstrup",2
"1528","Fjerde akt","Scene 1","Terentia",8
"1529","Fjerde akt","Scene 1","Torben",8
"1530","Fjerde akt","Scene 1","Troels",8
"1531","Fjerde akt","Scene 1","Ulysses",7
"1532","Fjerde akt","Scene 1",NA,11
"1533","Fjerde akt","Scene 10","",3
"1534","Fjerde akt","Scene 10","1. komediant",6
"1535","Fjerde akt","Scene 10","1. soldat",5
"1536","Fjerde akt","Scene 10","2. soldat",5
"1537","Fjerde akt","Scene 10","Chilian",4
"1538","Fjerde akt","Scene 10","Dorothea",7
"1539","Fjerde akt","Scene 10","Eleonora",1
"1540","Fjerde akt","Scene 10","Flensborgeren",20
"1541","Fjerde akt","Scene 10","Gejsten",1
"1542","Fjerde akt","Scene 10","Gert",18
"1543","Fjerde akt","Scene 10","Gunnild",7
"1544","Fjerde akt","Scene 10","Haagen",4
"1545","Fjerde akt","Scene 10","Henrik",13
"1546","Fjerde akt","Scene 10","Leander",11
"1547","Fjerde akt","Scene 10","Leonora",1
"1548","Fjerde akt","Scene 10","Lucilia",4
"1549","Fjerde akt","Scene 10","Marthe",3
"1550","Fjerde akt","Scene 10","Mester Gert",3
"1551","Fjerde akt","Scene 10","Ovidius",9
"1552","Fjerde akt","Scene 10","Pedro",9
"1553","Fjerde akt","Scene 10","Pernille",6
"1554","Fjerde akt","Scene 10","Philemon",5
"1555","Fjerde akt","Scene 10","Roland",6
"1556","Fjerde akt","Scene 10","Sganarel",7
"1557","Fjerde akt","Scene 10","Sganarel og Dorothea",2
"1558","Fjerde akt","Scene 10",NA,17
"1559","Fjerde akt","Scene 11","De tvende mænd",2
"1560","Fjerde akt","Scene 11","Gert",7
"1561","Fjerde akt","Scene 11","Lucilia",2
"1562","Fjerde akt","Scene 11","Tvende mænd",3
"1563","Fjerde akt","Scene 11","Tyboe",1
"1564","Fjerde akt","Scene 11","Ulysses",4
"1565","Fjerde akt","Scene 11",NA,8
"1566","Fjerde akt","Scene 12","Chilian",2
"1567","Fjerde akt","Scene 12","Jens",4
"1568","Fjerde akt","Scene 12","Pernille",2
"1569","Fjerde akt","Scene 12","Tobias Prokurator",7
"1570","Fjerde akt","Scene 12","Tychonius",5
"1571","Fjerde akt","Scene 12",NA,4
"1572","Fjerde akt","Scene 13","Dido",4
"1573","Fjerde akt","Scene 13","Gert",21
"1574","Fjerde akt","Scene 13","Rasmus",3
"1575","Fjerde akt","Scene 13","Tobias",21
"1576","Fjerde akt","Scene 13",NA,3
"1577","Fjerde akt","Scene 14","Dido",11
"1578","Fjerde akt","Scene 14","Elisa",5
"1579","Fjerde akt","Scene 14","Rasmus",4
"1580","Fjerde akt","Scene 14","Tobias",3
"1581","Fjerde akt","Scene 14",NA,1
"1582","Fjerde akt","Scene 2","Anden rådsherre",1
"1583","Fjerde akt","Scene 2","Anneke",14
"1584","Fjerde akt","Scene 2","Apelone",9
"1585","Fjerde akt","Scene 2","Chilian",2
"1586","Fjerde akt","Scene 2","Corfitz",21
"1587","Fjerde akt","Scene 2","Davus",15
"1588","Fjerde akt","Scene 2","Diogenes",14
"1589","Fjerde akt","Scene 2","En Pige",2
"1590","Fjerde akt","Scene 2","Espen",1
"1591","Fjerde akt","Scene 2","Et spøgelse",3
"1592","Fjerde akt","Scene 2","Første rådsherre",3
"1593","Fjerde akt","Scene 2","Gunnild",7
"1594","Fjerde akt","Scene 2","Henrik",23
"1595","Fjerde akt","Scene 2","Isabella",3
"1596","Fjerde akt","Scene 2","Jean",14
"1597","Fjerde akt","Scene 2","Jeppe",10
"1598","Fjerde akt","Scene 2","Jeronimus",5
"1599","Fjerde akt","Scene 2","Jesper",17
"1600","Fjerde akt","Scene 2","Leander",9
"1601","Fjerde akt","Scene 2","Leonard",2
"1602","Fjerde akt","Scene 2","Leonora",6
"1603","Fjerde akt","Scene 2","Lucretia",8
"1604","Fjerde akt","Scene 2","Madame la Fleche",11
"1605","Fjerde akt","Scene 2","Montanus",29
"1606","Fjerde akt","Scene 2","Nille",14
"1607","Fjerde akt","Scene 2","Pedro",8
"1608","Fjerde akt","Scene 2","Penia",12
"1609","Fjerde akt","Scene 2","Per",16
"1610","Fjerde akt","Scene 2","Pernille",3
"1611","Fjerde akt","Scene 2","Plutus",7
"1612","Fjerde akt","Scene 2","Rådsherren",1
"1613","Fjerde akt","Scene 2","Sparenborg",7
"1614","Fjerde akt","Scene 2","Studenstrup",11
"1615","Fjerde akt","Scene 2","Tobias",18
"1616","Fjerde akt","Scene 2","Troels",25
"1617","Fjerde akt","Scene 2","Værten",16
"1618","Fjerde akt","Scene 2",NA,26
"1619","Fjerde akt","Scene 3","Anden rådsherre",2
"1620","Fjerde akt","Scene 3","Anneke",2
"1621","Fjerde akt","Scene 3","Apelone",8
"1622","Fjerde akt","Scene 3","Arv",4
"1623","Fjerde akt","Scene 3","Chilian",6
"1624","Fjerde akt","Scene 3","Christoffer",6
"1625","Fjerde akt","Scene 3","Corfitz",12
"1626","Fjerde akt","Scene 3","Eleonora",7
"1627","Fjerde akt","Scene 3","En officer med knebelsbarter",2
"1628","Fjerde akt","Scene 3","Engelke",5
"1629","Fjerde akt","Scene 3","Første rådsherre",3
"1630","Fjerde akt","Scene 3","Gert Westphaler",4
"1631","Fjerde akt","Scene 3","Gottfried",4
"1632","Fjerde akt","Scene 3","Gusmann",4
"1633","Fjerde akt","Scene 3","Henrik",8
"1634","Fjerde akt","Scene 3","Isabella",1
"1635","Fjerde akt","Scene 3","Jacob",2
"1636","Fjerde akt","Scene 3","Jean",14
"1637","Fjerde akt","Scene 3","Jeppe",3
"1638","Fjerde akt","Scene 3","Jeronimus",9
"1639","Fjerde akt","Scene 3","Jesper",5
"1640","Fjerde akt","Scene 3","Leander",3
"1641","Fjerde akt","Scene 3","Leonora",1
"1642","Fjerde akt","Scene 3","Madame la Fleche",2
"1643","Fjerde akt","Scene 3","Montanus",3
"1644","Fjerde akt","Scene 3","Nille",2
"1645","Fjerde akt","Scene 3","Officer",3
"1646","Fjerde akt","Scene 3","Officeren",6
"1647","Fjerde akt","Scene 3","Ovidius",3
"1648","Fjerde akt","Scene 3","Pernille",19
"1649","Fjerde akt","Scene 3","Philocyne",3
"1650","Fjerde akt","Scene 3","Rosiflengius",6
"1651","Fjerde akt","Scene 3","Sparenborg",7
"1652","Fjerde akt","Scene 3","Tyboe",5
"1653","Fjerde akt","Scene 3","Ulysses",7
"1654","Fjerde akt","Scene 3",NA,17
"1655","Fjerde akt","Scene 4","",4
"1656","Fjerde akt","Scene 4","1. officer",6
"1657","Fjerde akt","Scene 4","2. officer",4
"1658","Fjerde akt","Scene 4","3 mænd",4
"1659","Fjerde akt","Scene 4","Apelone",15
"1660","Fjerde akt","Scene 4","Chilian",8
"1661","Fjerde akt","Scene 4","Christoff",11
"1662","Fjerde akt","Scene 4","Christoffer",2
"1663","Fjerde akt","Scene 4","Corfitz",7
"1664","Fjerde akt","Scene 4","Cosmoligoreus",24
"1665","Fjerde akt","Scene 4","Den 2. officer",2
"1666","Fjerde akt","Scene 4","Donna Olympia",12
"1667","Fjerde akt","Scene 4","En pige",1
"1668","Fjerde akt","Scene 4","Espen",10
"1669","Fjerde akt","Scene 4","Første rådsherre",1
"1670","Fjerde akt","Scene 4","Gert",3
"1671","Fjerde akt","Scene 4","Geske",6
"1672","Fjerde akt","Scene 4","Gusmann",2
"1673","Fjerde akt","Scene 4","Henrik",29
"1674","Fjerde akt","Scene 4","Herman",17
"1675","Fjerde akt","Scene 4","Jacob",26
"1676","Fjerde akt","Scene 4","Jean",10
"1677","Fjerde akt","Scene 4","Jeronimus",7
"1678","Fjerde akt","Scene 4","Jesper",13
"1679","Fjerde akt","Scene 4","Kælling",4
"1680","Fjerde akt","Scene 4","Kællingen",2
"1681","Fjerde akt","Scene 4","Leander",4
"1682","Fjerde akt","Scene 4","Leonora",6
"1683","Fjerde akt","Scene 4","Lucilia",1
"1684","Fjerde akt","Scene 4","Magdelone",12
"1685","Fjerde akt","Scene 4","Montanus",28
"1686","Fjerde akt","Scene 4","Nille",3
"1687","Fjerde akt","Scene 4","Ovidius",5
"1688","Fjerde akt","Scene 4","Pedro",5
"1689","Fjerde akt","Scene 4","Penia",5
"1690","Fjerde akt","Scene 4","Pernille",28
"1691","Fjerde akt","Scene 4","Philocyne",2
"1692","Fjerde akt","Scene 4","Pigen",2
"1693","Fjerde akt","Scene 4","Rosiflengius",15
"1694","Fjerde akt","Scene 4","Svinene",5
"1695","Fjerde akt","Scene 4","To lakajer",1
"1696","Fjerde akt","Scene 4",NA,23
"1697","Fjerde akt","Scene 5","1. officer",3
"1698","Fjerde akt","Scene 5","2. officer",3
"1699","Fjerde akt","Scene 5","3 mænd",2
"1700","Fjerde akt","Scene 5","Apelone",7
"1701","Fjerde akt","Scene 5","Apicius",3
"1702","Fjerde akt","Scene 5","Chilian",5
"1703","Fjerde akt","Scene 5","Christoffer",3
"1704","Fjerde akt","Scene 5","Cosmoligoreus",3
"1705","Fjerde akt","Scene 5","Don Ranudo",10
"1706","Fjerde akt","Scene 5","Gert",9
"1707","Fjerde akt","Scene 5","Geske",7
"1708","Fjerde akt","Scene 5","Henrik",3
"1709","Fjerde akt","Scene 5","Jacob",2
"1710","Fjerde akt","Scene 5","Jean",14
"1711","Fjerde akt","Scene 5","Jens",4
"1712","Fjerde akt","Scene 5","Jeppe",2
"1713","Fjerde akt","Scene 5","Jeronimus",1
"1714","Fjerde akt","Scene 5","Jesper",6
"1715","Fjerde akt","Scene 5","Leander",1
"1716","Fjerde akt","Scene 5","Leonora",11
"1717","Fjerde akt","Scene 5","Lucretia",3
"1718","Fjerde akt","Scene 5","Madame Abrahamsens",3
"1719","Fjerde akt","Scene 5","Madame Sanderus",2
"1720","Fjerde akt","Scene 5","Marie",8
"1721","Fjerde akt","Scene 5","Marthe",6
"1722","Fjerde akt","Scene 5","Ovidius",4
"1723","Fjerde akt","Scene 5","Pedro",5
"1724","Fjerde akt","Scene 5","Pernille",7
"1725","Fjerde akt","Scene 5","Petronius",7
"1726","Fjerde akt","Scene 5","Pierre",10
"1727","Fjerde akt","Scene 5","Rosiflengius",6
"1728","Fjerde akt","Scene 5","Sganarel",2
"1729","Fjerde akt","Scene 5","Tychonius",10
"1730","Fjerde akt","Scene 5","Ulysses",5
"1731","Fjerde akt","Scene 5","Von Qvoten",8
"1732","Fjerde akt","Scene 5",NA,15
"1733","Fjerde akt","Scene 6","",1
"1734","Fjerde akt","Scene 6","1.",6
"1735","Fjerde akt","Scene 6","1. advokat",10
"1736","Fjerde akt","Scene 6","1. officer",1
"1737","Fjerde akt","Scene 6","1. rådsherreinde",1
"1738","Fjerde akt","Scene 6","2.",3
"1739","Fjerde akt","Scene 6","2. advokat",11
"1740","Fjerde akt","Scene 6","2. officer",17
"1741","Fjerde akt","Scene 6","Anklageren1. advokat)",1
"1742","Fjerde akt","Scene 6","Apelone",1
"1743","Fjerde akt","Scene 6","Christoff",8
"1744","Fjerde akt","Scene 6","Christoffer",6
"1745","Fjerde akt","Scene 6","Corfitz",18
"1746","Fjerde akt","Scene 6","Cosmoligoreus",9
"1747","Fjerde akt","Scene 6","Dido",6
"1748","Fjerde akt","Scene 6","Dommeren",9
"1749","Fjerde akt","Scene 6","Don Ranudo",10
"1750","Fjerde akt","Scene 6","Donna Olympia",6
"1751","Fjerde akt","Scene 6","Gunild",4
"1752","Fjerde akt","Scene 6","Gunnild",5
"1753","Fjerde akt","Scene 6","Henrik",21
"1754","Fjerde akt","Scene 6","Jacob",3
"1755","Fjerde akt","Scene 6","Jean",8
"1756","Fjerde akt","Scene 6","Jens",9
"1757","Fjerde akt","Scene 6","Jeppe",17
"1758","Fjerde akt","Scene 6","Jeronimus",17
"1759","Fjerde akt","Scene 6","Jeronymus",1
"1760","Fjerde akt","Scene 6","Leonora",8
"1761","Fjerde akt","Scene 6","Magdelone",5
"1762","Fjerde akt","Scene 6","Marie",4
"1763","Fjerde akt","Scene 6","Marthe",7
"1764","Fjerde akt","Scene 6","Pedro",4
"1765","Fjerde akt","Scene 6","Pernille",14
"1766","Fjerde akt","Scene 6","Philemon",10
"1767","Fjerde akt","Scene 6","Pierre",3
"1768","Fjerde akt","Scene 6","Pigen",29
"1769","Fjerde akt","Scene 6","Rasmus",6
"1770","Fjerde akt","Scene 6","Rosiflengius",12
"1771","Fjerde akt","Scene 6","Sganarel",28
"1772","Fjerde akt","Scene 6","Sparenborg",7
"1773","Fjerde akt","Scene 6","Studenstrup",3
"1774","Fjerde akt","Scene 6","To soldater med en tambur",2
"1775","Fjerde akt","Scene 6",NA,29
"1776","Fjerde akt","Scene 7","",1
"1777","Fjerde akt","Scene 7","1.",2
"1778","Fjerde akt","Scene 7","1. komediant",10
"1779","Fjerde akt","Scene 7","1. mand",1
"1780","Fjerde akt","Scene 7","2. komediant",7
"1781","Fjerde akt","Scene 7","2. mand",2
"1782","Fjerde akt","Scene 7","Antonius",6
"1783","Fjerde akt","Scene 7","Christoff",11
"1784","Fjerde akt","Scene 7","Corfitz",2
"1785","Fjerde akt","Scene 7","Dido",3
"1786","Fjerde akt","Scene 7","Don Ranudo",16
"1787","Fjerde akt","Scene 7","Donna Olympia",2
"1788","Fjerde akt","Scene 7","Elisa",2
"1789","Fjerde akt","Scene 7","Fiskeren",20
"1790","Fjerde akt","Scene 7","Gilbert",6
"1791","Fjerde akt","Scene 7","Gunild",6
"1792","Fjerde akt","Scene 7","Henrik",8
"1793","Fjerde akt","Scene 7","Jacob",3
"1794","Fjerde akt","Scene 7","Jens",5
"1795","Fjerde akt","Scene 7","Jens.",1
"1796","Fjerde akt","Scene 7","Jeronimus",17
"1797","Fjerde akt","Scene 7","Leander",10
"1798","Fjerde akt","Scene 7","Leonora",14
"1799","Fjerde akt","Scene 7","Magdelone",2
"1800","Fjerde akt","Scene 7","Ovidius",4
"1801","Fjerde akt","Scene 7","Pernille",5
"1802","Fjerde akt","Scene 7","Philemon",3
"1803","Fjerde akt","Scene 7","Ranudo",1
"1804","Fjerde akt","Scene 7","Sganarel",23
"1805","Fjerde akt","Scene 7","Studenstrup",5
"1806","Fjerde akt","Scene 7","Torben",2
"1807","Fjerde akt","Scene 7","Udtolkeren",14
"1808","Fjerde akt","Scene 7","Værten",9
"1809","Fjerde akt","Scene 7",NA,20
"1810","Fjerde akt","Scene 8","",2
"1811","Fjerde akt","Scene 8","Borgmesterinden",1
"1812","Fjerde akt","Scene 8","Corfitz",14
"1813","Fjerde akt","Scene 8","Don Ranudo",2
"1814","Fjerde akt","Scene 8","Donna Olympia",3
"1815","Fjerde akt","Scene 8","Dorothea",11
"1816","Fjerde akt","Scene 8","Elisa",7
"1817","Fjerde akt","Scene 8","Elsebet",2
"1818","Fjerde akt","Scene 8","Gert",3
"1819","Fjerde akt","Scene 8","Geske",1
"1820","Fjerde akt","Scene 8","Gothard",10
"1821","Fjerde akt","Scene 8","Gottfried",4
"1822","Fjerde akt","Scene 8","Gunild",8
"1823","Fjerde akt","Scene 8","Henrik",2
"1824","Fjerde akt","Scene 8","Jacob",1
"1825","Fjerde akt","Scene 8","Jens",5
"1826","Fjerde akt","Scene 8","Jeronimus",3
"1827","Fjerde akt","Scene 8","Kavaleren",9
"1828","Fjerde akt","Scene 8","Leander",2
"1829","Fjerde akt","Scene 8","Leonora",2
"1830","Fjerde akt","Scene 8","Lucretia",3
"1831","Fjerde akt","Scene 8","Madame Abrahamsens",1
"1832","Fjerde akt","Scene 8","Madame Sanderus",2
"1833","Fjerde akt","Scene 8","Marthe",5
"1834","Fjerde akt","Scene 8","Musikant",4
"1835","Fjerde akt","Scene 8","Ovidius",1
"1836","Fjerde akt","Scene 8","Pedro",5
"1837","Fjerde akt","Scene 8","Pernille",6
"1838","Fjerde akt","Scene 8","Rasmus",10
"1839","Fjerde akt","Scene 8","Rosiflengius",7
"1840","Fjerde akt","Scene 8","Sganarel",11
"1841","Fjerde akt","Scene 8","Troels",6
"1842","Fjerde akt","Scene 8",NA,20
"1843","Fjerde akt","Scene 9","",11
"1844","Fjerde akt","Scene 9","1. komediant",5
"1845","Fjerde akt","Scene 9","2. komediant",4
"1846","Fjerde akt","Scene 9","Arianke",5
"1847","Fjerde akt","Scene 9","Den bevæbnede",9
"1848","Fjerde akt","Scene 9","Don Ranudo",2
"1849","Fjerde akt","Scene 9","Donna Olympia",1
"1850","Fjerde akt","Scene 9","Dorothea",2
"1851","Fjerde akt","Scene 9","Elisa",4
"1852","Fjerde akt","Scene 9","Gert",7
"1853","Fjerde akt","Scene 9","Geske",12
"1854","Fjerde akt","Scene 9","Gothard",8
"1855","Fjerde akt","Scene 9","Gottfried",14
"1856","Fjerde akt","Scene 9","Henrik",18
"1857","Fjerde akt","Scene 9","Marie",7
"1858","Fjerde akt","Scene 9","Marthe",3
"1859","Fjerde akt","Scene 9","Mester Gert",3
"1860","Fjerde akt","Scene 9","Pernille",3
"1861","Fjerde akt","Scene 9","Sganarel",7
"1862","Fjerde akt","Scene 9","To drenge",2
"1863","Fjerde akt","Scene 9","Troels",16
"1864","Fjerde akt","Scene 9","Udtolkeren",2
"1865","Fjerde akt","Scene 9",NA,19
"1866","Prolog","Prolog","Iris",7
"1867","Prolog","Prolog","Juno",8
"1868","Prolog","Prolog","Pallas",3
"1869","Prolog","Prolog","Paris",14
"1870","Prolog","Prolog","Venus",4
"1871","Prolog","Prolog",NA,4
"1872","Prolog","Scene 1","",7
"1873","Prolog","Scene 2","Sganarel",5
"1874","Prolog","Scene 2","Vulcanus",4
"1875","Prolog","Scene 2",NA,1
"1876","Prolog","Scene 3","Apollo",5
"1877","Prolog","Scene 3","Jupiter",6
"1878","Prolog","Scene 3","Momus",8
"1879","Prolog","Scene 3","Sganarel",13
"1880","Prolog","Scene 3",NA,4
"1881","Prologus","Prologus","",2
"1882","Prologus","Prologus","Æsculapius",1
"1883","Prologus","Prologus","Apollo",1
"1884","Prologus","Prologus","Bellona",1
"1885","Prologus","Prologus","Cupido",1
"1886","Prologus","Prologus","Mars",1
"1887","Prologus","Prologus","Mercurius",1
"1888","Prologus","Prologus","Momus",1
"1889","Prologus","Prologus","Sganarel",13
"1890","Prologus","Prologus","Thalia",1
"1891","Prologus","Prologus","Vulcanus",1
"1892","Prologus","Prologus",NA,1
"1893","Tredje akt","Scene 1","",1
"1894","Tredje akt","Scene 1","1. borger",1
"1895","Tredje akt","Scene 1","1. kone",4
"1896","Tredje akt","Scene 1","2. kone",3
"1897","Tredje akt","Scene 1","Abrahams",7
"1898","Tredje akt","Scene 1","Apicius",9
"1899","Tredje akt","Scene 1","Arbaces.",7
"1900","Tredje akt","Scene 1","Artaxerxes.",9
"1901","Tredje akt","Scene 1","Arv",6
"1902","Tredje akt","Scene 1","Borgeren",11
"1903","Tredje akt","Scene 1","Chilian",2
"1904","Tredje akt","Scene 1","Cosmoligoreus",23
"1905","Tredje akt","Scene 1","Den usynlige",6
"1906","Tredje akt","Scene 1","Donna Maria",3
"1907","Tredje akt","Scene 1","Drengen",1
"1908","Tredje akt","Scene 1","En gårdskarl",6
"1909","Tredje akt","Scene 1","Espen",6
"1910","Tredje akt","Scene 1","Harlekin",6
"1911","Tredje akt","Scene 1","Henrik",47
"1912","Tredje akt","Scene 1","Jøden",3
"1913","Tredje akt","Scene 1","Jørgen",3
"1914","Tredje akt","Scene 1","Jørgen Handskemager",1
"1915","Tredje akt","Scene 1","Jean",23
"1916","Tredje akt","Scene 1","Jeppe",16
"1917","Tredje akt","Scene 1","Jeronimus",16
"1918","Tredje akt","Scene 1","Købmanden",3
"1919","Tredje akt","Scene 1","Kammertjener",1
"1920","Tredje akt","Scene 1","Kammertjeneren",4
"1921","Tredje akt","Scene 1","Leander",12
"1922","Tredje akt","Scene 1","Leonard",33
"1923","Tredje akt","Scene 1","Leonora",24
"1924","Tredje akt","Scene 1","Leonora.",1
"1925","Tredje akt","Scene 1","Leonore",5
"1926","Tredje akt","Scene 1","Lucretia",8
"1927","Tredje akt","Scene 1","Madame Ståbi",4
"1928","Tredje akt","Scene 1","Magdelone",7
"1929","Tredje akt","Scene 1","Montanus",13
"1930","Tredje akt","Scene 1","Nille",11
"1931","Tredje akt","Scene 1","Pernille",20
"1932","Tredje akt","Scene 1","Petronius",27
"1933","Tredje akt","Scene 1","Pierre",23
"1934","Tredje akt","Scene 1","Plutus",1
"1935","Tredje akt","Scene 1","Sanderus",6
"1936","Tredje akt","Scene 1","Sekretæren",2
"1937","Tredje akt","Scene 1","Sganarel",4
"1938","Tredje akt","Scene 1","Skøgen",10
"1939","Tredje akt","Scene 1","Sparenborg",8
"1940","Tredje akt","Scene 1","Ulysses",2
"1941","Tredje akt","Scene 1","Værten",15
"1942","Tredje akt","Scene 1","Vielgeschrey",17
"1943","Tredje akt","Scene 1",NA,34
"1944","Tredje akt","Scene 10","Arbaces.",14
"1945","Tredje akt","Scene 10","Artabanus",4
"1946","Tredje akt","Scene 10","Artabanus.",4
"1947","Tredje akt","Scene 10","Artaxerxes.",10
"1948","Tredje akt","Scene 10","Chorus",3
"1949","Tredje akt","Scene 10","Davus",18
"1950","Tredje akt","Scene 10","Henrik",22
"1951","Tredje akt","Scene 10","Herman",15
"1952","Tredje akt","Scene 10","Jeronimus",10
"1953","Tredje akt","Scene 10","Leonard",1
"1954","Tredje akt","Scene 10","Leonora",7
"1955","Tredje akt","Scene 10","Mandane.",1
"1956","Tredje akt","Scene 10","Palæstrio",18
"1957","Tredje akt","Scene 10","Pernille",31
"1958","Tredje akt","Scene 10",NA,10
"1959","Tredje akt","Scene 11","Davus",6
"1960","Tredje akt","Scene 11","Diogenes",8
"1961","Tredje akt","Scene 11","En dreng",2
"1962","Tredje akt","Scene 11","Henrik",9
"1963","Tredje akt","Scene 11","Jeronimus",27
"1964","Tredje akt","Scene 11","Leander",14
"1965","Tredje akt","Scene 11","Leonard",22
"1966","Tredje akt","Scene 11","Leonora",5
"1967","Tredje akt","Scene 11","Magdelone",3
"1968","Tredje akt","Scene 11","Notarius",5
"1969","Tredje akt","Scene 11","Palæstri",1
"1970","Tredje akt","Scene 11","Palæstrio",2
"1971","Tredje akt","Scene 11","Pernille",6
"1972","Tredje akt","Scene 11","Republikken",4
"1973","Tredje akt","Scene 11",NA,9
"1974","Tredje akt","Scene 12","Arv",5
"1975","Tredje akt","Scene 12","Diogenes",5
"1976","Tredje akt","Scene 12","Henrik",5
"1977","Tredje akt","Scene 12","Jeronimus",11
"1978","Tredje akt","Scene 12","Leander",6
"1979","Tredje akt","Scene 12","Leonard",10
"1980","Tredje akt","Scene 12","Leonora",10
"1981","Tredje akt","Scene 12","Notarius",2
"1982","Tredje akt","Scene 12","Penia",5
"1983","Tredje akt","Scene 12","Pernille",5
"1984","Tredje akt","Scene 12","Republikken",4
"1985","Tredje akt","Scene 12",NA,7
"1986","Tredje akt","Scene 13","Arv",1
"1987","Tredje akt","Scene 13","Henrik",31
"1988","Tredje akt","Scene 13","Jeronimus",7
"1989","Tredje akt","Scene 13","Leander",12
"1990","Tredje akt","Scene 13","Leonard",9
"1991","Tredje akt","Scene 13","Leonora",6
"1992","Tredje akt","Scene 13","Magdelone",1
"1993","Tredje akt","Scene 13","Pernille",17
"1994","Tredje akt","Scene 13",NA,7
"1995","Tredje akt","Scene 2","",2
"1996","Tredje akt","Scene 2","Abrahams",2
"1997","Tredje akt","Scene 2","Abrahams og Sanderus",1
"1998","Tredje akt","Scene 2","Anden købmand",3
"1999","Tredje akt","Scene 2","Apicius",4
"2000","Tredje akt","Scene 2","Arbaces.",3
"2001","Tredje akt","Scene 2","Arv",16
"2002","Tredje akt","Scene 2","Barselskvinden",10
"2003","Tredje akt","Scene 2","Borgeren",2
"2004","Tredje akt","Scene 2","Chilian",13
"2005","Tredje akt","Scene 2","Christopher",2
"2006","Tredje akt","Scene 2","Den anden købmand",2
"2007","Tredje akt","Scene 2","Don Ranudo",3
"2008","Tredje akt","Scene 2","Donna Olympia",1
"2009","Tredje akt","Scene 2","Dorothea",9
"2010","Tredje akt","Scene 2","Espen",22
"2011","Tredje akt","Scene 2","Første købmand",5
"2012","Tredje akt","Scene 2","Fruen",10
"2013","Tredje akt","Scene 2","Gert",20
"2014","Tredje akt","Scene 2","Gert Westphaler",1
"2015","Tredje akt","Scene 2","Gottfried",2
"2016","Tredje akt","Scene 2","Haagen",23
"2017","Tredje akt","Scene 2","Harlekin",12
"2018","Tredje akt","Scene 2","Henrik",24
"2019","Tredje akt","Scene 2","Herman",7
"2020","Tredje akt","Scene 2","Jøden",1
"2021","Tredje akt","Scene 2","Jørgen",10
"2022","Tredje akt","Scene 2","Jean",17
"2023","Tredje akt","Scene 2","Jeppe",18
"2024","Tredje akt","Scene 2","Jeronimus",31
"2025","Tredje akt","Scene 2","Jesper",14
"2026","Tredje akt","Scene 2","Jochum",1
"2027","Tredje akt","Scene 2","Juveleren",4
"2028","Tredje akt","Scene 2","Kammertjeneren",1
"2029","Tredje akt","Scene 2","Lakajen",1
"2030","Tredje akt","Scene 2","Leander",32
"2031","Tredje akt","Scene 2","Leonard",15
"2032","Tredje akt","Scene 2","Leonora",18
"2033","Tredje akt","Scene 2","Leonore",21
"2034","Tredje akt","Scene 2","Lucilia",9
"2035","Tredje akt","Scene 2","Lucretia",2
"2036","Tredje akt","Scene 2","Madame Ståbi",3
"2037","Tredje akt","Scene 2","Magdelone",4
"2038","Tredje akt","Scene 2","Mithridates",4
"2039","Tredje akt","Scene 2","Montanus",10
"2040","Tredje akt","Scene 2","Musikant",2
"2041","Tredje akt","Scene 2","Musikanten",2
"2042","Tredje akt","Scene 2","Pedro",3
"2043","Tredje akt","Scene 2","Pernille",46
"2044","Tredje akt","Scene 2","Pierre",3
"2045","Tredje akt","Scene 2","Plutus",4
"2046","Tredje akt","Scene 2","Ridefogeden",11
"2047","Tredje akt","Scene 2","Rosiflengius",3
"2048","Tredje akt","Scene 2","Sanderus",3
"2049","Tredje akt","Scene 2","Sekretæren",4
"2050","Tredje akt","Scene 2","Sganarel",11
"2051","Tredje akt","Scene 2","Skøgen",2
"2052","Tredje akt","Scene 2","Timotheus",5
"2053","Tredje akt","Scene 2","Tiresius",6
"2054","Tredje akt","Scene 2","Ulysses",13
"2055","Tredje akt","Scene 2","Værten",4
"2056","Tredje akt","Scene 2","Vielgeschrey",4
"2057","Tredje akt","Scene 2",NA,34
"2058","Tredje akt","Scene 3","",1
"2059","Tredje akt","Scene 3","Anne",8
"2060","Tredje akt","Scene 3","Apicius",23
"2061","Tredje akt","Scene 3","Artabanus",5
"2062","Tredje akt","Scene 3","Arv",2
"2063","Tredje akt","Scene 3","Barselskvinden",9
"2064","Tredje akt","Scene 3","Chilian",9
"2065","Tredje akt","Scene 3","Christopher",10
"2066","Tredje akt","Scene 3","Corfitz",4
"2067","Tredje akt","Scene 3","Den usynlige",9
"2068","Tredje akt","Scene 3","Dobre Podolsky",12
"2069","Tredje akt","Scene 3","Don Ranudo",5
"2070","Tredje akt","Scene 3","Donna Olympia",5
"2071","Tredje akt","Scene 3","Drengen",6
"2072","Tredje akt","Scene 3","En Dreng",1
"2073","Tredje akt","Scene 3","En mand",1
"2074","Tredje akt","Scene 3","Eraste",10
"2075","Tredje akt","Scene 3","Espen",4
"2076","Tredje akt","Scene 3","Geske",12
"2077","Tredje akt","Scene 3","Haagen",7
"2078","Tredje akt","Scene 3","Harlekin",5
"2079","Tredje akt","Scene 3","Helene",4
"2080","Tredje akt","Scene 3","Henrik",34
"2081","Tredje akt","Scene 3","Herman",11
"2082","Tredje akt","Scene 3","Jean",5
"2083","Tredje akt","Scene 3","Jeppe",7
"2084","Tredje akt","Scene 3","Jeronimus",43
"2085","Tredje akt","Scene 3","Jesper",10
"2086","Tredje akt","Scene 3","Juveleren",4
"2087","Tredje akt","Scene 3","Købmanden",5
"2088","Tredje akt","Scene 3","Konen",2
"2089","Tredje akt","Scene 3","Lakajen",25
"2090","Tredje akt","Scene 3","Leander",44
"2091","Tredje akt","Scene 3","Leerbeutel",4
"2092","Tredje akt","Scene 3","Leonard",12
"2093","Tredje akt","Scene 3","Leonora",11
"2094","Tredje akt","Scene 3","Leonore",16
"2095","Tredje akt","Scene 3","Lucilia",4
"2096","Tredje akt","Scene 3","Lucretia",16
"2097","Tredje akt","Scene 3","Madame Ståbi",3
"2098","Tredje akt","Scene 3","Manden",2
"2099","Tredje akt","Scene 3","Mithridates",3
"2100","Tredje akt","Scene 3","Montanus",21
"2101","Tredje akt","Scene 3","Musikanten",2
"2102","Tredje akt","Scene 3","Nille",1
"2103","Tredje akt","Scene 3","Notarius",1
"2104","Tredje akt","Scene 3","Novatianus",4
"2105","Tredje akt","Scene 3","Per",21
"2106","Tredje akt","Scene 3","Pernille",25
"2107","Tredje akt","Scene 3","Petronius",1
"2108","Tredje akt","Scene 3","Pierre",3
"2109","Tredje akt","Scene 3","pigen",3
"2110","Tredje akt","Scene 3","Plutus",4
"2111","Tredje akt","Scene 3","Polidor",12
"2112","Tredje akt","Scene 3","Polidorus",2
"2113","Tredje akt","Scene 3","Ridefogeden",1
"2114","Tredje akt","Scene 3","Sganarel",13
"2115","Tredje akt","Scene 3","Skøgen",4
"2116","Tredje akt","Scene 3","Skolemesteren",3
"2117","Tredje akt","Scene 3","Skyldenborg",5
"2118","Tredje akt","Scene 3","Ulysses",8
"2119","Tredje akt","Scene 3","Værten",14
"2120","Tredje akt","Scene 3","Vielgeschrey",10
"2121","Tredje akt","Scene 3",NA,42
"2122","Tredje akt","Scene 4","",3
"2123","Tredje akt","Scene 4","Anførerne",2
"2124","Tredje akt","Scene 4","Apicius",2
"2125","Tredje akt","Scene 4","Arv",4
"2126","Tredje akt","Scene 4","Baronen",2
"2127","Tredje akt","Scene 4","Barselskvinden",3
"2128","Tredje akt","Scene 4","Bonden",40
"2129","Tredje akt","Scene 4","Chilian",9
"2130","Tredje akt","Scene 4","Den usynlige",15
"2131","Tredje akt","Scene 4","Doktoren",23
"2132","Tredje akt","Scene 4","Don Ranudo",41
"2133","Tredje akt","Scene 4","Donna Olympia",5
"2134","Tredje akt","Scene 4","Erich",1
"2135","Tredje akt","Scene 4","Erich Madsen",14
"2136","Tredje akt","Scene 4","Erik",1
"2137","Tredje akt","Scene 4","Espen",10
"2138","Tredje akt","Scene 4","Frands",6
"2139","Tredje akt","Scene 4","Fruen",6
"2140","Tredje akt","Scene 4","Geske",6
"2141","Tredje akt","Scene 4","Haagen",1
"2142","Tredje akt","Scene 4","Harlekin",19
"2143","Tredje akt","Scene 4","Henrik",61
"2144","Tredje akt","Scene 4","Herman",12
"2145","Tredje akt","Scene 4","Jean",2
"2146","Tredje akt","Scene 4","Jens",2
"2147","Tredje akt","Scene 4","Jeronimus",132
"2148","Tredje akt","Scene 4","Jesper",8
"2149","Tredje akt","Scene 4","Juveleren",1
"2150","Tredje akt","Scene 4","Leander",53
"2151","Tredje akt","Scene 4","Leonard",85
"2152","Tredje akt","Scene 4","Leonora",8
"2153","Tredje akt","Scene 4","Lucilia",1
"2154","Tredje akt","Scene 4","Magdelone",7
"2155","Tredje akt","Scene 4","Mandane.",7
"2156","Tredje akt","Scene 4","Mester Bonifacius",4
"2157","Tredje akt","Scene 4","Moralisten",3
"2158","Tredje akt","Scene 4","Notarius",2
"2159","Tredje akt","Scene 4","Oldfux",2
"2160","Tredje akt","Scene 4","Peiter",3
"2161","Tredje akt","Scene 4","Pernille",11
"2162","Tredje akt","Scene 4","Petronius",3
"2163","Tredje akt","Scene 4","Pierre",1
"2164","Tredje akt","Scene 4","Plutus",3
"2165","Tredje akt","Scene 4","Semira.",5
"2166","Tredje akt","Scene 4","Sganarel",14
"2167","Tredje akt","Scene 4","Skyldenborg",4
"2168","Tredje akt","Scene 4","Tychonius",15
"2169","Tredje akt","Scene 4","Tyven",2
"2170","Tredje akt","Scene 4","Ulysses",6
"2171","Tredje akt","Scene 4","Værten",4
"2172","Tredje akt","Scene 4","Vielgeschrey",23
"2173","Tredje akt","Scene 4",NA,43
"2174","Tredje akt","Scene 5","1. kone",15
"2175","Tredje akt","Scene 5","2. kone",3
"2176","Tredje akt","Scene 5","Apicius",3
"2177","Tredje akt","Scene 5","Arv",4
"2178","Tredje akt","Scene 5","Baronen",18
"2179","Tredje akt","Scene 5","Barselskvinden",17
"2180","Tredje akt","Scene 5","Bonden",11
"2181","Tredje akt","Scene 5","Chilian",5
"2182","Tredje akt","Scene 5","Christoff",11
"2183","Tredje akt","Scene 5","Christopher",8
"2184","Tredje akt","Scene 5","Den 1. kone",1
"2185","Tredje akt","Scene 5","Den usynlige",5
"2186","Tredje akt","Scene 5","Den usynliges broder",10
"2187","Tredje akt","Scene 5","Dobre Podolsky",1
"2188","Tredje akt","Scene 5","Don Ranudo",4
"2189","Tredje akt","Scene 5","Donna Olympia",6
"2190","Tredje akt","Scene 5","Eraste",8
"2191","Tredje akt","Scene 5","Erich Madsen",27
"2192","Tredje akt","Scene 5","Espen",2
"2193","Tredje akt","Scene 5","Frands",5
"2194","Tredje akt","Scene 5","Gottfried",5
"2195","Tredje akt","Scene 5","Harlekin",8
"2196","Tredje akt","Scene 5","Helene",2
"2197","Tredje akt","Scene 5","Henrik",25
"2198","Tredje akt","Scene 5","Jeronimus",59
"2199","Tredje akt","Scene 5","Jesper",11
"2200","Tredje akt","Scene 5","Juveleren",6
"2201","Tredje akt","Scene 5","Kusken",7
"2202","Tredje akt","Scene 5","Leander",15
"2203","Tredje akt","Scene 5","Leonard",14
"2204","Tredje akt","Scene 5","Leonora",10
"2205","Tredje akt","Scene 5","Leonore",3
"2206","Tredje akt","Scene 5","Lucretia",15
"2207","Tredje akt","Scene 5","Madame Ståbi",3
"2208","Tredje akt","Scene 5","Magdelone",18
"2209","Tredje akt","Scene 5","Mester Bonifacius",19
"2210","Tredje akt","Scene 5","Montanus",20
"2211","Tredje akt","Scene 5","Musikanten",2
"2212","Tredje akt","Scene 5","Oldfux",11
"2213","Tredje akt","Scene 5","Paltsgreven",18
"2214","Tredje akt","Scene 5","Peder",5
"2215","Tredje akt","Scene 5","Pernille",23
"2216","Tredje akt","Scene 5","Petronius",40
"2217","Tredje akt","Scene 5","Pierre",5
"2218","Tredje akt","Scene 5","Pigen",4
"2219","Tredje akt","Scene 5","Plutus",10
"2220","Tredje akt","Scene 5","Rosiflengius",4
"2221","Tredje akt","Scene 5","Semira",2
"2222","Tredje akt","Scene 5","Skyldenborg",4
"2223","Tredje akt","Scene 5","Trækholdt",3
"2224","Tredje akt","Scene 5","Tyboe",33
"2225","Tredje akt","Scene 5","Tychonius",9
"2226","Tredje akt","Scene 5","Værten",11
"2227","Tredje akt","Scene 5","Vielgeschrey",42
"2228","Tredje akt","Scene 5",NA,41
"2229","Tredje akt","Scene 6","Arbaces.",17
"2230","Tredje akt","Scene 6","Arv",5
"2231","Tredje akt","Scene 6","Baronen",9
"2232","Tredje akt","Scene 6","Barselskvinden",29
"2233","Tredje akt","Scene 6","Chilian",3
"2234","Tredje akt","Scene 6","Colombine",17
"2235","Tredje akt","Scene 6","Cosmoligoreus",10
"2236","Tredje akt","Scene 6","Den drukne",21
"2237","Tredje akt","Scene 6","Den usynlige",2
"2238","Tredje akt","Scene 6","Den usynliges broder",22
"2239","Tredje akt","Scene 6","Doktor Bombastus",1
"2240","Tredje akt","Scene 6","Doktoren",32
"2241","Tredje akt","Scene 6","Don Ranudo",2
"2242","Tredje akt","Scene 6","Drengen",2
"2243","Tredje akt","Scene 6","En dreng",2
"2244","Tredje akt","Scene 6","Frands",3
"2245","Tredje akt","Scene 6","Gottfried",8
"2246","Tredje akt","Scene 6","Harlekin",35
"2247","Tredje akt","Scene 6","Henrik",38
"2248","Tredje akt","Scene 6","Jeronimus",83
"2249","Tredje akt","Scene 6","Jesper",4
"2250","Tredje akt","Scene 6","Jomfruen",5
"2251","Tredje akt","Scene 6","Leander",35
"2252","Tredje akt","Scene 6","Leonard",27
"2253","Tredje akt","Scene 6","Leonora",11
"2254","Tredje akt","Scene 6","Leonore",2
"2255","Tredje akt","Scene 6","Lisbed",13
"2256","Tredje akt","Scene 6","Magdelone",20
"2257","Tredje akt","Scene 6","Mandane.",15
"2258","Tredje akt","Scene 6","Montanus",3
"2259","Tredje akt","Scene 6","Oldfux",29
"2260","Tredje akt","Scene 6","Paltsgreven",2
"2261","Tredje akt","Scene 6","Pedro",2
"2262","Tredje akt","Scene 6","Pernille",15
"2263","Tredje akt","Scene 6","Plutus",4
"2264","Tredje akt","Scene 6","Rådsherre",2
"2265","Tredje akt","Scene 6","Rådsherren",5
"2266","Tredje akt","Scene 6","Republikken",12
"2267","Tredje akt","Scene 6","Roland",7
"2268","Tredje akt","Scene 6","Rosiflengius",12
"2269","Tredje akt","Scene 6","Sganarel",34
"2270","Tredje akt","Scene 6","Skyldenborg",5
"2271","Tredje akt","Scene 6","Studenstrup",21
"2272","Tredje akt","Scene 6","Trækholdt",10
"2273","Tredje akt","Scene 6","Tyboe",9
"2274","Tredje akt","Scene 6","Tychonius",3
"2275","Tredje akt","Scene 6","Ulysses",3
"2276","Tredje akt","Scene 6","Værten",8
"2277","Tredje akt","Scene 6",NA,39
"2278","Tredje akt","Scene 7","Artabanus.",2
"2279","Tredje akt","Scene 7","Artaxerxes.",8
"2280","Tredje akt","Scene 7","Arv",11
"2281","Tredje akt","Scene 7","Baronen",1
"2282","Tredje akt","Scene 7","Barselskvinden",2
"2283","Tredje akt","Scene 7","Betjenten",16
"2284","Tredje akt","Scene 7","Bonden",2
"2285","Tredje akt","Scene 7","Chilian",3
"2286","Tredje akt","Scene 7","Cosmoligoreus",7
"2287","Tredje akt","Scene 7","Dobre Podolsky",5
"2288","Tredje akt","Scene 7","Doktor Bombastus",5
"2289","Tredje akt","Scene 7","Don Ranudo",10
"2290","Tredje akt","Scene 7","Donna Olympia",3
"2291","Tredje akt","Scene 7","Drengen",5
"2292","Tredje akt","Scene 7","Faderen",9
"2293","Tredje akt","Scene 7","Fruens mand",1
"2294","Tredje akt","Scene 7","Henrik",55
"2295","Tredje akt","Scene 7","Jeronimus",66
"2296","Tredje akt","Scene 7","Jesper",2
"2297","Tredje akt","Scene 7","Juveleren",1
"2298","Tredje akt","Scene 7","Kavaleren",3
"2299","Tredje akt","Scene 7","Konen",2
"2300","Tredje akt","Scene 7","Leander",18
"2301","Tredje akt","Scene 7","Leonard",2
"2302","Tredje akt","Scene 7","Leonora",5
"2303","Tredje akt","Scene 7","Leonore",1
"2304","Tredje akt","Scene 7","Lucie",10
"2305","Tredje akt","Scene 7","Magdelone",1
"2306","Tredje akt","Scene 7","Moderen",8
"2307","Tredje akt","Scene 7","Notarius",11
"2308","Tredje akt","Scene 7","Pedro",2
"2309","Tredje akt","Scene 7","Peer",9
"2310","Tredje akt","Scene 7","Pernille",24
"2311","Tredje akt","Scene 7","Plutus",5
"2312","Tredje akt","Scene 7","Rådsherren",6
"2313","Tredje akt","Scene 7","Roland",8
"2314","Tredje akt","Scene 7",NA,22
"2315","Tredje akt","Scene 8","Artabanus.",2
"2316","Tredje akt","Scene 8","Artaxerxes.",5
"2317","Tredje akt","Scene 8","Arv",2
"2318","Tredje akt","Scene 8","Cosmoligoreus",23
"2319","Tredje akt","Scene 8","Den drukne",17
"2320","Tredje akt","Scene 8","Gottfried",4
"2321","Tredje akt","Scene 8","Henrik",33
"2322","Tredje akt","Scene 8","Herren",41
"2323","Tredje akt","Scene 8","Jeronimus",27
"2324","Tredje akt","Scene 8","Leander",13
"2325","Tredje akt","Scene 8","Leonard",2
"2326","Tredje akt","Scene 8","Leonora",8
"2327","Tredje akt","Scene 8","Octavius",4
"2328","Tredje akt","Scene 8","Ovidius",3
"2329","Tredje akt","Scene 8","Peer",4
"2330","Tredje akt","Scene 8","Pernille",7
"2331","Tredje akt","Scene 8","Petronius",26
"2332","Tredje akt","Scene 8","Plutus",13
"2333","Tredje akt","Scene 8","Rosiflengius",9
"2334","Tredje akt","Scene 8","Semira.",2
"2335","Tredje akt","Scene 8","Værten",49
"2336","Tredje akt","Scene 8",NA,16
"2337","Tredje akt","Scene 9","1. vagt",5
"2338","Tredje akt","Scene 9","2. vagt",2
"2339","Tredje akt","Scene 9","Artabanus",2
"2340","Tredje akt","Scene 9","Artaxerxes.",2
"2341","Tredje akt","Scene 9","Arv",2
"2342","Tredje akt","Scene 9","Euclio",5
"2343","Tredje akt","Scene 9","Henrik",35
"2344","Tredje akt","Scene 9","Herren",4
"2345","Tredje akt","Scene 9","Jeronimus",45
"2346","Tredje akt","Scene 9","Leander",40
"2347","Tredje akt","Scene 9","Leonard",15
"2348","Tredje akt","Scene 9","Magdelone",3
"2349","Tredje akt","Scene 9","Mandane.",2
"2350","Tredje akt","Scene 9","Octavius",4
"2351","Tredje akt","Scene 9","Ovidius",20
"2352","Tredje akt","Scene 9","Pernille",3
"2353","Tredje akt","Scene 9","Plutus",6
"2354","Tredje akt","Scene 9","Republikken",4
"2355","Tredje akt","Scene 9","Værten",4
"2356","Tredje akt","Scene 9",NA,17
"2357","Tredje akt","Tredje akt",NA,1
